bgc_id,genome_id,region,accession,start_pos,end_pos,contig_edge,region_length,most_similar_known_cluster_id,node_group,most_similar_known_cluster_description,validated-member-of-dataset,most_similar_known_cluster_type,similarity,source,gbk_path,product,bigscape_class,gcf_0.30,gcf_0.40,gcf_0.50,Clan Number,fam_id_0.30,fam_type_0.30,fam_known_compounds_0.30,project_name
NBC_01728_4.region034,NBC_01728,1.34,NBC_01728_4,10886611.0,10951156.0,False,64545.0,BGC0000171,derivative,9-methylstreptimidone,yes,Polyketide:Modular type I polyketide,0.1290322580645161,bgcflow,data/external/G1034_20230801/antismash/7.0.0/NBC_01728/NBC_01728_4.region034.gbk,transAT-PKS,PKSother,12218.0,12218.0,12218.0,14565.0,874.0,unknown_family,u_PKSother_874,9-methylstreptimidone
NBC_01719_4.region029,NBC_01719,1.29,NBC_01719_4,9575120.0,9639665.0,False,64545.0,BGC0000171,derivative,9-methylstreptimidone,yes,Polyketide:Modular type I polyketide,0.1290322580645161,bgcflow,data/external/G1034_20230801/antismash/7.0.0/NBC_01719/NBC_01719_4.region029.gbk,transAT-PKS,PKSother,12218.0,12218.0,12218.0,14565.0,874.0,unknown_family,u_PKSother_874,9-methylstreptimidone
NBC_00365_5.region001,NBC_00365,2.1,NBC_00365_5,341316.0,405828.0,False,64512.0,BGC0000171,derivative,9-methylstreptimidone,yes,Polyketide:Modular type I polyketide,0.1290322580645161,bgcflow,data/external/G1034_20230801/antismash/7.0.0/NBC_00365/NBC_00365_5.region001.gbk,transAT-PKS,PKSother,12218.0,12218.0,12218.0,14565.0,874.0,unknown_family,u_PKSother_874,9-methylstreptimidone
CP109481.region007,NBC_01450,2.7,CP109481,2047280.0,2151186.0,False,103906.0,BGC0000171,derivative,9-methylstreptimidone,yes,Polyketide:Modular type I polyketide,0.1612903225806451,bgcflow,data/external/G1034_20230801/antismash/7.0.0/NBC_01450/CP109481.region007.gbk,transAT-PKS.terpene.NRPS-like,Others,26170.0,26170.0,30827.0,12413.0,3428.0,unknown_family,u_Others_3428,9-methylstreptimidone
CP109475.region026,NBC_01455,1.26,CP109475,8638537.0,8703886.0,False,65349.0,BGC0000171,derivative,9-methylstreptimidone,yes,Polyketide:Modular type I polyketide,0.1290322580645161,bgcflow,data/external/G1034_20230801/antismash/7.0.0/NBC_01455/CP109475.region026.gbk,transAT-PKS,PKSother,26074.0,26074.0,26074.0,14565.0,4735.0,unknown_family,u_PKSother_4735,9-methylstreptimidone
CP108826.region010,NBC_00859,1.1,CP108826,1601276.0,1689282.0,False,88006.0,BGC0000171,derivative,9-methylstreptimidone,yes,Polyketide:Modular type I polyketide,0.1290322580645161,bgcflow,data/external/G1034_20230801/antismash/7.0.0/NBC_00859/CP108826.region010.gbk,transAT-PKS.NRPS-like.NRPS,PKS-NRP_Hybrids,18005.0,18005.0,18005.0,10239.0,4260.0,unknown_family,u_PKS-NRP_Hybrids_4260,9-methylstreptimidone
CP108513.region027,NBC_01235,1.27,CP108513,10514259.0,10577599.0,False,63340.0,BGC0000171,derivative,9-methylstreptimidone,yes,Polyketide:Modular type I polyketide,0.1290322580645161,bgcflow,data/external/G1034_20230801/antismash/7.0.0/NBC_01235/CP108513.region027.gbk,transAT-PKS,PKSother,14224.0,12218.0,12218.0,14565.0,4949.0,unknown_family,u_PKSother_4949,9-methylstreptimidone
CP108365.region031,NBC_01340,1.31,CP108365,10038510.0,10103055.0,False,64545.0,BGC0000171,derivative,9-methylstreptimidone,yes,Polyketide:Modular type I polyketide,0.1290322580645161,bgcflow,data/external/G1034_20230801/antismash/7.0.0/NBC_01340/CP108365.region031.gbk,transAT-PKS,PKSother,12218.0,12218.0,12218.0,14565.0,874.0,unknown_family,u_PKSother_874,9-methylstreptimidone
CP108365.region001,NBC_01340,1.1,CP108365,205802.0,269129.0,False,63327.0,BGC0000171,derivative,9-methylstreptimidone,yes,Polyketide:Modular type I polyketide,0.1290322580645161,bgcflow,data/external/G1034_20230801/antismash/7.0.0/NBC_01340/CP108365.region001.gbk,transAT-PKS,PKSother,12218.0,12218.0,12218.0,14565.0,874.0,unknown_family,u_PKSother_874,9-methylstreptimidone
CP109515.region032,NBC_01419,1.32,CP109515,8404601.0,8598283.0,False,193682.0,BGC0000368,derivative,Cycloheximide ,yes,Polyketide,0.61,bgcflow,data/external/G1034_20230801/antismash/7.0.0/NBC_01419/CP109515.region032.gbk,,PKS-NRP_Hybrids,,,,,,,,
CP109400.region004,NBC_01523,1.4,CP109400,202936.0,395994.0,False,193058.0,BGC0000368,derivative,Cycloheximide ,yes,Polyketide,0.61,bgcflow,data/external/G1034_20230801/antismash/7.0.0/NBC_01523/CP109400.region004.gbk,,PKS-NRP_Hybrids,,,,,,,,
CP108726.region003,NBC_00990,1.3,CP108726,316238.0,509334.0,False,193096.0,BGC0000368,derivative,Cycloheximide ,yes,Polyketide,0.61,bgcflow,data/external/G1034_20230801/antismash/7.0.0/NBC_00990/CP108726.region003.gbk,,PKS-NRP_Hybrids,,,,,,,,
CP108670.region033,NBC_01069,1.33,CP108670,8465323.0,8659070.0,False,193747.0,BGC0000368,derivative,Cycloheximide ,yes,Polyketide,0.61,bgcflow,data/external/G1034_20230801/antismash/7.0.0/NBC_01069/CP108670.region033.gbk,,PKS-NRP_Hybrids,,,,,,,,
CP108651.region004,NBC_01106,1.4,CP108651,203890.0,396906.0,False,193016.0,BGC0000368,derivative,Cycloheximide ,yes,Polyketide,0.61,bgcflow,data/external/G1034_20230801/antismash/7.0.0/NBC_01106/CP108651.region004.gbk,,PKS-NRP_Hybrids,,,,,,,,
CP108640.region003,NBC_01134,1.3,CP108640,396235.0,589405.0,False,193170.0,BGC0000368,derivative,Cycloheximide ,yes,Polyketide,0.61,bgcflow,data/external/G1034_20230801/antismash/7.0.0/NBC_01134/CP108640.region003.gbk,,PKS-NRP_Hybrids,,,,,,,,
NBC_01767_2.region024,NBC_01767,1.24,NBC_01767_2,8265260.0,8335116.0,False,69856.0,BGC0000175,derivative,Cycloheximide ,yes,Polyketide:Trans-AT type I polyketide,0.6666666666666666,bgcflow,data/external/G1034_20230801/antismash/7.0.0/NBC_01767/NBC_01767_2.region024.gbk,transAT-PKS.NRPS-like,PKS-NRP_Hybrids,23806.0,23806.0,23806.0,10239.0,82.0,unknown_family,u_PKS-NRP_Hybrids_82,
NBC_01645_3.region008,NBC_01645,1.8,NBC_01645_3,1740889.0,1834409.0,False,93520.0,BGC0000175,derivative,Cycloheximide ,yes,Polyketide:Trans-AT type I polyketide,0.6111111111111112,bgcflow,data/external/G1034_20230801/antismash/7.0.0/NBC_01645/NBC_01645_3.region008.gbk,transAT-PKS.NRPS-like.T1PKS,PKS-NRP_Hybrids,31420.0,16121.0,22905.0,10239.0,218.0,unknown_family,u_PKS-NRP_Hybrids_218,
NBC_01634_2.region029,NBC_01634,1.29,NBC_01634_2,7962503.0,8055812.0,False,93309.0,BGC0000175,derivative,Cycloheximide ,yes,Polyketide:Trans-AT type I polyketide,0.5555555555555556,bgcflow,data/external/G1034_20230801/antismash/7.0.0/NBC_01634/NBC_01634_2.region029.gbk,transAT-PKS.NRPS-like.T1PKS,PKS-NRP_Hybrids,31420.0,16121.0,22905.0,10239.0,218.0,unknown_family,u_PKS-NRP_Hybrids_218,
NBC_01623_2.region006,NBC_01623,2.6,NBC_01623_2,756122.0,850737.0,False,94615.0,BGC0000175,derivative,Cycloheximide ,yes,Polyketide:Trans-AT type I polyketide,0.5555555555555556,bgcflow,data/external/G1034_20230801/antismash/7.0.0/NBC_01623/NBC_01623_2.region006.gbk,T1PKS.NRPS-like.transAT-PKS,PKS-NRP_Hybrids,31420.0,16121.0,22905.0,10239.0,218.0,unknown_family,u_PKS-NRP_Hybrids_218,
NBC_01500_2.region001,NBC_01500,2.1,NBC_01500_2,14859.0,101507.0,False,86648.0,BGC0000175,derivative,Cycloheximide ,yes,Polyketide:Trans-AT type I polyketide,0.6111111111111112,bgcflow,data/external/G1034_20230801/antismash/7.0.0/NBC_01500/NBC_01500_2.region001.gbk,transAT-PKS.NRPS-like.NRPS,PKS-NRP_Hybrids,13550.0,13550.0,13550.0,10239.0,82.0,unknown_family,u_PKS-NRP_Hybrids_82,
NBC_01464_1.region029,NBC_01464,1.29,NBC_01464_1,8091691.0,8185000.0,False,93309.0,BGC0000175,derivative,Cycloheximide ,yes,Polyketide:Trans-AT type I polyketide,0.5555555555555556,bgcflow,data/external/G1034_20230801/antismash/7.0.0/NBC_01464/NBC_01464_1.region029.gbk,transAT-PKS.NRPS-like.T1PKS,PKS-NRP_Hybrids,31420.0,16121.0,22905.0,10239.0,218.0,unknown_family,u_PKS-NRP_Hybrids_218,
NBC_01433_7.region004,NBC_01433,2.4,NBC_01433_7,524171.0,648171.0,False,124000.0,BGC0000175,derivative,Cycloheximide ,yes,Polyketide:Trans-AT type I polyketide,0.3333333333333333,bgcflow,data/external/G1034_20230801/antismash/7.0.0/NBC_01433/NBC_01433_7.region004.gbk,transAT-PKS.T1PKS.RiPP-like.T3PKS.NRPS,Others,30916.0,31267.0,31267.0,12413.0,3598.0,unknown_family,u_Others_3598,
NBC_01363_2.region008,NBC_01363,2.8,NBC_01363_2,2240821.0,2329808.0,False,88987.0,BGC0000175,derivative,Cycloheximide ,yes,Polyketide:Trans-AT type I polyketide,0.6111111111111112,bgcflow,data/external/G1034_20230801/antismash/7.0.0/NBC_01363/NBC_01363_2.region008.gbk,transAT-PKS.NAPAA.NRPS-like,PKS-NRP_Hybrids,17115.0,17115.0,17115.0,10239.0,2130.0,unknown_family,u_PKS-NRP_Hybrids_2130,
NBC_00906_4.region019,NBC_00906,1.19,NBC_00906_4,7493424.0,7563060.0,False,69636.0,BGC0000175,derivative,Cycloheximide ,yes,Polyketide:Trans-AT type I polyketide,0.6666666666666666,bgcflow,data/external/G1034_20230801/antismash/7.0.0/NBC_00906/NBC_00906_4.region019.gbk,transAT-PKS.NRPS-like,PKS-NRP_Hybrids,23806.0,23806.0,23806.0,10239.0,82.0,unknown_family,u_PKS-NRP_Hybrids_82,
NBC_00893_5.region023,NBC_00893,1.23,NBC_00893_5,7211924.0,7278968.0,False,67044.0,BGC0000175,derivative,Cycloheximide ,yes,Polyketide:Trans-AT type I polyketide,0.6111111111111112,bgcflow,data/external/G1034_20230801/antismash/7.0.0/NBC_00893/NBC_00893_5.region023.gbk,transAT-PKS.NRPS-like,PKS-NRP_Hybrids,23806.0,23806.0,23806.0,10239.0,82.0,unknown_family,u_PKS-NRP_Hybrids_82,
NBC_00892_3.region019,NBC_00892,1.19,NBC_00892_3,7493484.0,7563113.0,False,69629.0,BGC0000175,derivative,Cycloheximide ,yes,Polyketide:Trans-AT type I polyketide,0.6666666666666666,bgcflow,data/external/G1034_20230801/antismash/7.0.0/NBC_00892/NBC_00892_3.region019.gbk,transAT-PKS.NRPS-like,PKS-NRP_Hybrids,23806.0,23806.0,23806.0,10239.0,82.0,unknown_family,u_PKS-NRP_Hybrids_82,
NBC_00654_6.region013,NBC_00654,1.13,NBC_00654_6,4010525.0,4177314.0,False,166789.0,BGC0000175,derivative,Cycloheximide ,yes,Polyketide:Trans-AT type I polyketide,0.6111111111111112,bgcflow,data/external/G1034_20230801/antismash/7.0.0/NBC_00654/NBC_00654_6.region013.gbk,transAT-PKS.T1PKS.NRP-metallophore.NRPS-like.T3PKS.NRPS,Others,24111.0,30170.0,30170.0,12413.0,1.0,known_family,tubercidin,
NBC_00439_4.region004,NBC_00439,1.4,NBC_00439_4,1048217.0,1118102.0,False,69885.0,BGC0000175,derivative,Cycloheximide ,yes,Polyketide:Trans-AT type I polyketide,0.7222222222222222,bgcflow,data/external/G1034_20230801/antismash/7.0.0/NBC_00439/NBC_00439_4.region004.gbk,transAT-PKS.NRPS-like,PKS-NRP_Hybrids,23806.0,23806.0,23806.0,10239.0,82.0,unknown_family,u_PKS-NRP_Hybrids_82,
NBC_00305_3.region003,NBC_00305,1.3,NBC_00305_3,736297.0,806179.0,False,69882.0,BGC0000175,derivative,Cycloheximide ,yes,Polyketide:Trans-AT type I polyketide,0.6666666666666666,bgcflow,data/external/G1034_20230801/antismash/7.0.0/NBC_00305/NBC_00305_3.region003.gbk,transAT-PKS.NRPS-like,PKS-NRP_Hybrids,23806.0,23806.0,23806.0,10239.0,82.0,unknown_family,u_PKS-NRP_Hybrids_82,
NBC_00264_5.region003,NBC_00264,1.3,NBC_00264_5,765462.0,835344.0,False,69882.0,BGC0000175,derivative,Cycloheximide ,yes,Polyketide:Trans-AT type I polyketide,0.6666666666666666,bgcflow,data/external/G1034_20230801/antismash/7.0.0/NBC_00264/NBC_00264_5.region003.gbk,transAT-PKS.NRPS-like,PKS-NRP_Hybrids,23806.0,23806.0,23806.0,10239.0,82.0,unknown_family,u_PKS-NRP_Hybrids_82,
NBC_00062_1.region022,NBC_00062,1.22,NBC_00062_1,8573815.0,8643393.0,False,69578.0,BGC0000175,derivative,Cycloheximide ,yes,Polyketide:Trans-AT type I polyketide,0.6666666666666666,bgcflow,data/external/G1034_20230801/antismash/7.0.0/NBC_00062/NBC_00062_1.region022.gbk,transAT-PKS.NRPS-like,PKS-NRP_Hybrids,23806.0,23806.0,23806.0,10239.0,82.0,unknown_family,u_PKS-NRP_Hybrids_82,
NBC_00052_1.region004,NBC_00052,1.4,NBC_00052_1,989573.0,1059365.0,False,69792.0,BGC0000175,derivative,Cycloheximide ,yes,Polyketide:Trans-AT type I polyketide,0.6666666666666666,bgcflow,data/external/G1034_20230801/antismash/7.0.0/NBC_00052/NBC_00052_1.region004.gbk,transAT-PKS.NRPS-like,PKS-NRP_Hybrids,23806.0,23806.0,23806.0,10239.0,82.0,unknown_family,u_PKS-NRP_Hybrids_82,
NBC_00051_4.region022,NBC_00051,1.22,NBC_00051_4,7979527.0,8049319.0,False,69792.0,BGC0000175,derivative,Cycloheximide ,yes,Polyketide:Trans-AT type I polyketide,0.6666666666666666,bgcflow,data/external/G1034_20230801/antismash/7.0.0/NBC_00051/NBC_00051_4.region022.gbk,transAT-PKS.NRPS-like,PKS-NRP_Hybrids,23806.0,23806.0,23806.0,10239.0,82.0,unknown_family,u_PKS-NRP_Hybrids_82,
CP109586.region021,NBC_01362,1.21,CP109586,8394186.0,8463807.0,False,69621.0,BGC0000175,derivative,Cycloheximide ,yes,Polyketide:Trans-AT type I polyketide,0.6666666666666666,bgcflow,data/external/G1034_20230801/antismash/7.0.0/NBC_01362/CP109586.region021.gbk,transAT-PKS.NRPS-like,PKS-NRP_Hybrids,23806.0,23806.0,23806.0,10239.0,82.0,unknown_family,u_PKS-NRP_Hybrids_82,
CP109575.region005,NBC_01369,1.5,CP109575,1143347.0,1213026.0,False,69679.0,BGC0000175,derivative,Cycloheximide ,yes,Polyketide:Trans-AT type I polyketide,0.6666666666666666,bgcflow,data/external/G1034_20230801/antismash/7.0.0/NBC_01369/CP109575.region005.gbk,transAT-PKS.NRPS-like,PKS-NRP_Hybrids,23806.0,23806.0,23806.0,10239.0,82.0,unknown_family,u_PKS-NRP_Hybrids_82,
CP109556.region028,NBC_01387,1.28,CP109556,7826850.0,7923776.0,False,96926.0,BGC0000175,derivative,Cycloheximide ,yes,Polyketide:Trans-AT type I polyketide,0.6111111111111112,bgcflow,data/external/G1034_20230801/antismash/7.0.0/NBC_01387/CP109556.region028.gbk,transAT-PKS.NRPS-like.NRPS,PKS-NRP_Hybrids,23806.0,23806.0,23806.0,10239.0,82.0,unknown_family,u_PKS-NRP_Hybrids_82,
CP109522.region003,NBC_01414,1.3,CP109522,339944.0,429944.0,False,90000.0,BGC0000175,derivative,Cycloheximide ,yes,Polyketide:Trans-AT type I polyketide,0.6666666666666666,bgcflow,data/external/G1034_20230801/antismash/7.0.0/NBC_01414/CP109522.region003.gbk,CDPS.NRPS-like.lanthipeptide-class-iv.transAT-PKS,Others,24111.0,27888.0,27888.0,12413.0,1.0,known_family,tubercidin,
CP109518.region028,NBC_01417,1.28,CP109518,7933448.0,8026794.0,False,93346.0,BGC0000175,derivative,Cycloheximide ,yes,Polyketide:Trans-AT type I polyketide,0.5555555555555556,bgcflow,data/external/G1034_20230801/antismash/7.0.0/NBC_01417/CP109518.region028.gbk,transAT-PKS.NRPS-like.T1PKS,PKS-NRP_Hybrids,31420.0,16121.0,22905.0,10239.0,218.0,unknown_family,u_PKS-NRP_Hybrids_218,
CP109517.region028,NBC_01418,1.28,CP109517,7939538.0,8032872.0,False,93334.0,BGC0000175,derivative,Cycloheximide ,yes,Polyketide:Trans-AT type I polyketide,0.5555555555555556,bgcflow,data/external/G1034_20230801/antismash/7.0.0/NBC_01418/CP109517.region028.gbk,transAT-PKS.NRPS-like.T1PKS,PKS-NRP_Hybrids,31420.0,16121.0,22905.0,10239.0,218.0,unknown_family,u_PKS-NRP_Hybrids_218,
CP109511.region028,NBC_01421,1.28,CP109511,8116438.0,8209826.0,False,93388.0,BGC0000175,derivative,Cycloheximide ,yes,Polyketide:Trans-AT type I polyketide,0.5555555555555556,bgcflow,data/external/G1034_20230801/antismash/7.0.0/NBC_01421/CP109511.region028.gbk,transAT-PKS.NRPS-like.T1PKS,PKS-NRP_Hybrids,31420.0,16121.0,22905.0,10239.0,218.0,unknown_family,u_PKS-NRP_Hybrids_218,
CP109492.region021,NBC_01435,1.21,CP109492,7556445.0,7626585.0,False,70140.0,BGC0000175,derivative,Cycloheximide ,yes,Polyketide:Trans-AT type I polyketide,0.6666666666666666,bgcflow,data/external/G1034_20230801/antismash/7.0.0/NBC_01435/CP109492.region021.gbk,transAT-PKS.NRPS-like,PKS-NRP_Hybrids,23806.0,23806.0,23806.0,10239.0,82.0,unknown_family,u_PKS-NRP_Hybrids_82,
CP109413.region008,NBC_01516,1.8,CP109413,825993.0,920757.0,False,94764.0,BGC0000175,derivative,Cycloheximide ,yes,Polyketide:Trans-AT type I polyketide,0.5555555555555556,bgcflow,data/external/G1034_20230801/antismash/7.0.0/NBC_01516/CP109413.region008.gbk,T1PKS.NRPS-like.transAT-PKS,PKS-NRP_Hybrids,31420.0,16121.0,22905.0,10239.0,218.0,unknown_family,u_PKS-NRP_Hybrids_218,
CP109403.region007,NBC_01522,1.7,CP109403,769289.0,863901.0,False,94612.0,BGC0000175,derivative,Cycloheximide ,yes,Polyketide:Trans-AT type I polyketide,0.5555555555555556,bgcflow,data/external/G1034_20230801/antismash/7.0.0/NBC_01522/CP109403.region007.gbk,T1PKS.NRPS-like.transAT-PKS,PKS-NRP_Hybrids,31420.0,16121.0,22905.0,10239.0,218.0,unknown_family,u_PKS-NRP_Hybrids_218,
CP109387.region002,NBC_01543,1.2,CP109387,293354.0,365411.0,False,72057.0,BGC0000175,derivative,Cycloheximide ,yes,Polyketide:Trans-AT type I polyketide,0.6666666666666666,bgcflow,data/external/G1034_20230801/antismash/7.0.0/NBC_01543/CP109387.region002.gbk,transAT-PKS.NRPS-like.lanthipeptide-class-iv,Others,24111.0,24583.0,24583.0,12413.0,1.0,known_family,tubercidin,
CP109370.region024,NBC_01553,1.24,CP109370,8644083.0,8713959.0,False,69876.0,BGC0000175,derivative,Cycloheximide ,yes,Polyketide:Trans-AT type I polyketide,0.6666666666666666,bgcflow,data/external/G1034_20230801/antismash/7.0.0/NBC_01553/CP109370.region024.gbk,transAT-PKS.NRPS-like,PKS-NRP_Hybrids,23806.0,23806.0,23806.0,10239.0,82.0,unknown_family,u_PKS-NRP_Hybrids_82,
CP109368.region003,NBC_01556,1.3,CP109368,444630.0,535004.0,False,90374.0,BGC0000175,derivative,Cycloheximide ,yes,Polyketide:Trans-AT type I polyketide,0.6666666666666666,bgcflow,data/external/G1034_20230801/antismash/7.0.0/NBC_01556/CP109368.region003.gbk,CDPS.NRPS-like.lanthipeptide-class-iv.transAT-PKS,Others,16229.0,24583.0,24583.0,16229.0,1.0,known_family,tubercidin,
CP109354.region024,NBC_01563,1.24,CP109354,8322727.0,8392590.0,False,69863.0,BGC0000175,derivative,Cycloheximide ,yes,Polyketide:Trans-AT type I polyketide,0.6666666666666666,bgcflow,data/external/G1034_20230801/antismash/7.0.0/NBC_01563/CP109354.region024.gbk,transAT-PKS.NRPS-like,PKS-NRP_Hybrids,23806.0,23806.0,23806.0,10239.0,82.0,unknown_family,u_PKS-NRP_Hybrids_82,
CP109347.region002,NBC_01576,1.2,CP109347,316679.0,388837.0,False,72158.0,BGC0000175,derivative,Cycloheximide ,yes,Polyketide:Trans-AT type I polyketide,0.6666666666666666,bgcflow,data/external/G1034_20230801/antismash/7.0.0/NBC_01576/CP109347.region002.gbk,transAT-PKS.NRPS-like.lanthipeptide-class-iv,Others,24111.0,24583.0,24583.0,12413.0,1.0,known_family,tubercidin,
CP109341.region003,NBC_01582,1.3,CP109341,376587.0,448878.0,False,72291.0,BGC0000175,derivative,Cycloheximide ,yes,Polyketide:Trans-AT type I polyketide,0.6666666666666666,bgcflow,data/external/G1034_20230801/antismash/7.0.0/NBC_01582/CP109341.region003.gbk,transAT-PKS.NRPS-like.lanthipeptide-class-iv,Others,24111.0,24583.0,24583.0,12413.0,1.0,known_family,tubercidin,
CP109323.region025,NBC_01592,1.25,CP109323,8620480.0,8718191.0,False,97711.0,BGC0000175,derivative,Cycloheximide ,yes,Polyketide:Trans-AT type I polyketide,0.6666666666666666,bgcflow,data/external/G1034_20230801/antismash/7.0.0/NBC_01592/CP109323.region025.gbk,transAT-PKS.NRPS-like.T1PKS,PKS-NRP_Hybrids,23806.0,23806.0,23806.0,10239.0,82.0,unknown_family,u_PKS-NRP_Hybrids_82,
CP109317.region003,NBC_01598,1.3,CP109317,339902.0,429894.0,False,89992.0,BGC0000175,derivative,Cycloheximide ,yes,Polyketide:Trans-AT type I polyketide,0.6666666666666666,bgcflow,data/external/G1034_20230801/antismash/7.0.0/NBC_01598/CP109317.region003.gbk,CDPS.NRPS-like.lanthipeptide-class-iv.transAT-PKS,Others,24111.0,24583.0,24583.0,12413.0,1.0,known_family,tubercidin,
CP109287.region029,NBC_01625,1.29,CP109287,8154920.0,8248242.0,False,93322.0,BGC0000175,derivative,Cycloheximide ,yes,Polyketide:Trans-AT type I polyketide,0.5555555555555556,bgcflow,data/external/G1034_20230801/antismash/7.0.0/NBC_01625/CP109287.region029.gbk,transAT-PKS.NRPS-like.T1PKS,PKS-NRP_Hybrids,31420.0,16121.0,22905.0,10239.0,218.0,unknown_family,u_PKS-NRP_Hybrids_218,
CP109283.region028,NBC_01626,1.28,CP109283,7999977.0,8093430.0,False,93453.0,BGC0000175,derivative,Cycloheximide ,yes,Polyketide:Trans-AT type I polyketide,0.5555555555555556,bgcflow,data/external/G1034_20230801/antismash/7.0.0/NBC_01626/CP109283.region028.gbk,transAT-PKS.NRPS-like.T1PKS,PKS-NRP_Hybrids,31420.0,16121.0,22905.0,10239.0,218.0,unknown_family,u_PKS-NRP_Hybrids_218,
CP109268.region009,NBC_01641,1.9,CP109268,829589.0,924247.0,False,94658.0,BGC0000175,derivative,Cycloheximide ,yes,Polyketide:Trans-AT type I polyketide,0.5555555555555556,bgcflow,data/external/G1034_20230801/antismash/7.0.0/NBC_01641/CP109268.region009.gbk,T1PKS.NRPS-like.transAT-PKS,PKS-NRP_Hybrids,31420.0,16121.0,22905.0,10239.0,218.0,unknown_family,u_PKS-NRP_Hybrids_218,
CP109262.region028,NBC_01648,1.28,CP109262,7977738.0,8071155.0,False,93417.0,BGC0000175,derivative,Cycloheximide ,yes,Polyketide:Trans-AT type I polyketide,0.5555555555555556,bgcflow,data/external/G1034_20230801/antismash/7.0.0/NBC_01648/CP109262.region028.gbk,transAT-PKS.NRPS-like.T1PKS,PKS-NRP_Hybrids,31420.0,16121.0,22905.0,10239.0,218.0,unknown_family,u_PKS-NRP_Hybrids_218,
CP109258.region021,NBC_01650,1.21,CP109258,8270661.0,8368662.0,False,98001.0,BGC0000175,derivative,Cycloheximide ,yes,Polyketide:Trans-AT type I polyketide,0.6666666666666666,bgcflow,data/external/G1034_20230801/antismash/7.0.0/NBC_01650/CP109258.region021.gbk,transAT-PKS.NRPS-like.T1PKS,PKS-NRP_Hybrids,23806.0,23806.0,23806.0,10239.0,82.0,unknown_family,u_PKS-NRP_Hybrids_82,
CP109256.region032,NBC_01651,1.32,CP109256,8400774.0,8472806.0,False,72032.0,BGC0000175,derivative,Cycloheximide ,yes,Polyketide:Trans-AT type I polyketide,0.6666666666666666,bgcflow,data/external/G1034_20230801/antismash/7.0.0/NBC_01651/CP109256.region032.gbk,transAT-PKS.NRPS-like.lanthipeptide-class-iv,Others,24111.0,24583.0,24583.0,12413.0,1.0,known_family,tubercidin,
CP109252.region002,NBC_01654,1.2,CP109252,325696.0,397327.0,False,71631.0,BGC0000175,derivative,Cycloheximide ,yes,Polyketide:Trans-AT type I polyketide,0.6666666666666666,bgcflow,data/external/G1034_20230801/antismash/7.0.0/NBC_01654/CP109252.region002.gbk,transAT-PKS.NRPS-like.lanthipeptide-class-iv,Others,24111.0,24583.0,24583.0,12413.0,1.0,known_family,tubercidin,
CP109157.region004,NBC_01732,1.4,CP109157,968420.0,1038233.0,False,69813.0,BGC0000175,derivative,Cycloheximide ,yes,Polyketide:Trans-AT type I polyketide,0.6666666666666666,bgcflow,data/external/G1034_20230801/antismash/7.0.0/NBC_01732/CP109157.region004.gbk,transAT-PKS.NRPS-like,PKS-NRP_Hybrids,23806.0,23806.0,23806.0,10239.0,82.0,unknown_family,u_PKS-NRP_Hybrids_82,
CP109125.region032,NBC_01759,1.32,CP109125,8385799.0,8457571.0,False,71772.0,BGC0000175,derivative,Cycloheximide ,yes,Polyketide:Trans-AT type I polyketide,0.6666666666666666,bgcflow,data/external/G1034_20230801/antismash/7.0.0/NBC_01759/CP109125.region032.gbk,transAT-PKS.NRPS-like.lanthipeptide-class-iv,Others,24111.0,24583.0,24583.0,12413.0,1.0,known_family,tubercidin,
CP109118.region001,NBC_01766,1.1,CP109118,14805.0,101409.0,False,86604.0,BGC0000175,derivative,Cycloheximide ,yes,Polyketide:Trans-AT type I polyketide,0.6111111111111112,bgcflow,data/external/G1034_20230801/antismash/7.0.0/NBC_01766/CP109118.region001.gbk,transAT-PKS.NRPS-like.NRPS,PKS-NRP_Hybrids,13550.0,13550.0,13550.0,10239.0,82.0,unknown_family,u_PKS-NRP_Hybrids_82,
CP109115.region004,NBC_01768,1.4,CP109115,1083540.0,1153432.0,False,69892.0,BGC0000175,derivative,Cycloheximide ,yes,Polyketide:Trans-AT type I polyketide,0.6666666666666666,bgcflow,data/external/G1034_20230801/antismash/7.0.0/NBC_01768/CP109115.region004.gbk,transAT-PKS.NRPS-like,PKS-NRP_Hybrids,23806.0,23806.0,23806.0,10239.0,82.0,unknown_family,u_PKS-NRP_Hybrids_82,
CP108878.region023,NBC_00822,1.23,CP108878,8652963.0,8723065.0,False,70102.0,BGC0000175,derivative,Cycloheximide ,yes,Polyketide:Trans-AT type I polyketide,0.6666666666666666,bgcflow,data/external/G1034_20230801/antismash/7.0.0/NBC_00822/CP108878.region023.gbk,transAT-PKS.NRPS-like,PKS-NRP_Hybrids,23806.0,23806.0,23806.0,10239.0,82.0,unknown_family,u_PKS-NRP_Hybrids_82,
CP108876.region023,NBC_00825,1.23,CP108876,8651155.0,8721257.0,False,70102.0,BGC0000175,derivative,Cycloheximide ,yes,Polyketide:Trans-AT type I polyketide,0.6666666666666666,bgcflow,data/external/G1034_20230801/antismash/7.0.0/NBC_00825/CP108876.region023.gbk,transAT-PKS.NRPS-like,PKS-NRP_Hybrids,23806.0,23806.0,23806.0,10239.0,82.0,unknown_family,u_PKS-NRP_Hybrids_82,
CP108873.region005,NBC_00826,1.5,CP108873,961177.0,1031279.0,False,70102.0,BGC0000175,derivative,Cycloheximide ,yes,Polyketide:Trans-AT type I polyketide,0.6666666666666666,bgcflow,data/external/G1034_20230801/antismash/7.0.0/NBC_00826/CP108873.region005.gbk,transAT-PKS.NRPS-like,PKS-NRP_Hybrids,23806.0,23806.0,23806.0,10239.0,82.0,unknown_family,u_PKS-NRP_Hybrids_82,
CP108734.region004,NBC_00984,1.4,CP108734,581946.0,670017.0,False,88071.0,BGC0000175,derivative,Cycloheximide ,yes,Polyketide:Trans-AT type I polyketide,0.5555555555555556,bgcflow,data/external/G1034_20230801/antismash/7.0.0/NBC_00984/CP108734.region004.gbk,transAT-PKS.NAPAA.NRPS-like,PKS-NRP_Hybrids,17115.0,17115.0,17115.0,10239.0,2130.0,unknown_family,u_PKS-NRP_Hybrids_2130,
CP108731.region004,NBC_00987,1.4,CP108731,997362.0,1067145.0,False,69783.0,BGC0000175,derivative,Cycloheximide ,yes,Polyketide:Trans-AT type I polyketide,0.6666666666666666,bgcflow,data/external/G1034_20230801/antismash/7.0.0/NBC_00987/CP108731.region004.gbk,transAT-PKS.NRPS-like,PKS-NRP_Hybrids,23806.0,23806.0,23806.0,10239.0,82.0,unknown_family,u_PKS-NRP_Hybrids_82,
CP108703.region021,NBC_01005,1.21,CP108703,8273086.0,8371086.0,False,98000.0,BGC0000175,derivative,Cycloheximide ,yes,Polyketide:Trans-AT type I polyketide,0.6666666666666666,bgcflow,data/external/G1034_20230801/antismash/7.0.0/NBC_01005/CP108703.region021.gbk,transAT-PKS.NRPS-like.T1PKS,PKS-NRP_Hybrids,23806.0,23806.0,23806.0,10239.0,82.0,unknown_family,u_PKS-NRP_Hybrids_82,
CP108692.region034,NBC_01010,1.34,CP108692,8178693.0,8250855.0,False,72162.0,BGC0000175,derivative,Cycloheximide ,yes,Polyketide:Trans-AT type I polyketide,0.6666666666666666,bgcflow,data/external/G1034_20230801/antismash/7.0.0/NBC_01010/CP108692.region034.gbk,transAT-PKS.NRPS-like.lanthipeptide-class-iv,Others,16229.0,24583.0,24583.0,16229.0,1.0,known_family,tubercidin,
CP108685.region001,NBC_01014,1.1,CP108685,27367.0,113983.0,False,86616.0,BGC0000175,derivative,Cycloheximide ,yes,Polyketide:Trans-AT type I polyketide,0.6111111111111112,bgcflow,data/external/G1034_20230801/antismash/7.0.0/NBC_01014/CP108685.region001.gbk,transAT-PKS.NRPS-like.NRPS,PKS-NRP_Hybrids,13550.0,13550.0,13550.0,10239.0,82.0,unknown_family,u_PKS-NRP_Hybrids_82,
CP108661.region029,NBC_01080,1.29,CP108661,7948577.0,8041928.0,False,93351.0,BGC0000175,derivative,Cycloheximide ,yes,Polyketide:Trans-AT type I polyketide,0.5555555555555556,bgcflow,data/external/G1034_20230801/antismash/7.0.0/NBC_01080/CP108661.region029.gbk,transAT-PKS.NRPS-like.T1PKS,PKS-NRP_Hybrids,31420.0,16121.0,22905.0,10239.0,218.0,unknown_family,u_PKS-NRP_Hybrids_218,
CP108644.region007,NBC_01116,1.7,CP108644,733669.0,805156.0,False,71487.0,BGC0000175,derivative,Cycloheximide ,yes,Polyketide:Trans-AT type I polyketide,0.6111111111111112,bgcflow,data/external/G1034_20230801/antismash/7.0.0/NBC_01116/CP108644.region007.gbk,transAT-PKS.NRPS-like,PKS-NRP_Hybrids,15829.0,16121.0,22905.0,10239.0,4367.0,unknown_family,u_PKS-NRP_Hybrids_4367,
CP108571.region033,NBC_01196,1.33,CP108571,8337202.0,8409256.0,False,72054.0,BGC0000175,derivative,Cycloheximide ,yes,Polyketide:Trans-AT type I polyketide,0.6666666666666666,bgcflow,data/external/G1034_20230801/antismash/7.0.0/NBC_01196/CP108571.region033.gbk,transAT-PKS.NRPS-like.lanthipeptide-class-iv,Others,24111.0,24583.0,24583.0,12413.0,1.0,known_family,tubercidin,
CP108509.region005,NBC_01237,2.5,CP108509,866983.0,997939.0,False,130956.0,BGC0000175,derivative,Cycloheximide ,yes,Polyketide:Trans-AT type I polyketide,0.3333333333333333,bgcflow,data/external/G1034_20230801/antismash/7.0.0/NBC_01237/CP108509.region005.gbk,transAT-PKS.T1PKS.RiPP-like.T3PKS.NRPS,Others,14568.0,22303.0,22303.0,12131.0,77.0,known_family,carbapenem MM4550,
CP108491.region023,NBC_01243,1.23,CP108491,7975235.0,8045093.0,False,69858.0,BGC0000175,derivative,Cycloheximide ,yes,Polyketide:Trans-AT type I polyketide,0.6666666666666666,bgcflow,data/external/G1034_20230801/antismash/7.0.0/NBC_01243/CP108491.region023.gbk,transAT-PKS.NRPS-like,PKS-NRP_Hybrids,23806.0,23806.0,23806.0,10239.0,82.0,unknown_family,u_PKS-NRP_Hybrids_82,
CP108455.region027,NBC_01267,1.27,CP108455,7753659.0,7840673.0,False,87014.0,BGC0000175,derivative,Cycloheximide ,yes,Polyketide:Trans-AT type I polyketide,0.6111111111111112,bgcflow,data/external/G1034_20230801/antismash/7.0.0/NBC_01267/CP108455.region027.gbk,transAT-PKS.NRPS-like.NRPS,PKS-NRP_Hybrids,13550.0,13550.0,13550.0,10239.0,82.0,unknown_family,u_PKS-NRP_Hybrids_82,
CP108408.region004,NBC_01300,1.4,CP108408,345963.0,414745.0,False,68782.0,BGC0000175,derivative,Cycloheximide ,yes,Polyketide:Trans-AT type I polyketide,0.5555555555555556,bgcflow,data/external/G1034_20230801/antismash/7.0.0/NBC_01300/CP108408.region004.gbk,transAT-PKS.NRPS-like.terpene.RRE-containing.lassopeptide,Others,12903.0,24583.0,24583.0,12413.0,3998.0,unknown_family,u_Others_3998,
CP108376.region028,NBC_01333,1.28,CP108376,8002934.0,8096247.0,False,93313.0,BGC0000175,derivative,Cycloheximide ,yes,Polyketide:Trans-AT type I polyketide,0.5555555555555556,bgcflow,data/external/G1034_20230801/antismash/7.0.0/NBC_01333/CP108376.region028.gbk,transAT-PKS.NRPS-like.T1PKS,PKS-NRP_Hybrids,31420.0,16121.0,22905.0,10239.0,218.0,unknown_family,u_PKS-NRP_Hybrids_218,
CP108261.region004,NBC_00053,1.4,CP108261,989587.0,1059379.0,False,69792.0,BGC0000175,derivative,Cycloheximide ,yes,Polyketide:Trans-AT type I polyketide,0.6666666666666666,bgcflow,data/external/G1034_20230801/antismash/7.0.0/NBC_00053/CP108261.region004.gbk,transAT-PKS.NRPS-like,PKS-NRP_Hybrids,23806.0,23806.0,23806.0,10239.0,82.0,unknown_family,u_PKS-NRP_Hybrids_82,
CP108082.region022,NBC_00257,1.22,CP108082,8573770.0,8643348.0,False,69578.0,BGC0000175,derivative,Cycloheximide ,yes,Polyketide:Trans-AT type I polyketide,0.6666666666666666,bgcflow,data/external/G1034_20230801/antismash/7.0.0/NBC_00257/CP108082.region022.gbk,transAT-PKS.NRPS-like,PKS-NRP_Hybrids,23806.0,23806.0,23806.0,10239.0,82.0,unknown_family,u_PKS-NRP_Hybrids_82,
CP107858.region028,NBC_00501,1.28,CP107858,7965575.0,8058903.0,False,93328.0,BGC0000175,derivative,Cycloheximide ,yes,Polyketide:Trans-AT type I polyketide,0.5555555555555556,bgcflow,data/external/G1034_20230801/antismash/7.0.0/NBC_00501/CP107858.region028.gbk,transAT-PKS.NRPS-like.T1PKS,PKS-NRP_Hybrids,31420.0,16121.0,22905.0,10239.0,218.0,unknown_family,u_PKS-NRP_Hybrids_218,
CP107857.region002,NBC_00502,1.2,CP107857,323948.0,395768.0,False,71820.0,BGC0000175,derivative,Cycloheximide ,yes,Polyketide:Trans-AT type I polyketide,0.6666666666666666,bgcflow,data/external/G1034_20230801/antismash/7.0.0/NBC_00502/CP107857.region002.gbk,transAT-PKS.NRPS-like.lanthipeptide-class-iv,Others,24111.0,24583.0,24583.0,12413.0,1.0,known_family,tubercidin,
CP107823.region002,NBC_00535,1.2,CP107823,315972.0,387917.0,False,71945.0,BGC0000175,derivative,Cycloheximide ,yes,Polyketide:Trans-AT type I polyketide,0.6666666666666666,bgcflow,data/external/G1034_20230801/antismash/7.0.0/NBC_00535/CP107823.region002.gbk,transAT-PKS.NRPS-like.lanthipeptide-class-iv,Others,24111.0,24583.0,24583.0,12413.0,1.0,known_family,tubercidin,
NBC_00240_3.region020,NBC_00240,1.2,NBC_00240_3,8063547.0,8178288.0,False,114741.0,BGC0002385,derivative,Dumulmycin/Shuangdaolide,yes,Polyketide,0.8095238095238095,bgcflow,data/external/G1034_20230801/antismash/7.0.0/NBC_00240/NBC_00240_3.region020.gbk,transAT-PKS.PKS-like,PKSother,29128.0,10166.0,10166.0,14565.0,4571.0,unknown_family,u_PKSother_4571,dumulmycin
CP108613.region027,NBC_01166,1.27,CP108613,8564728.0,8677295.0,False,112567.0,BGC0002385,derivative,Dumulmycin/Shuangdaolide,yes,Polyketide,0.8571428571428571,bgcflow,data/external/G1034_20230801/antismash/7.0.0/NBC_01166/CP108613.region027.gbk,transAT-PKS.PKS-like,PKSother,15532.0,15532.0,15532.0,14565.0,2267.0,known_family,dumulmycin,dumulmycin
CP108289.region008,NBC_00039,1.8,CP108289,1304442.0,1418491.0,False,114049.0,BGC0002385,derivative,Dumulmycin/Shuangdaolide,yes,Polyketide,0.7142857142857143,bgcflow,data/external/G1034_20230801/antismash/7.0.0/NBC_00039/CP108289.region008.gbk,transAT-PKS.T3PKS.PKS-like,PKSother,10933.0,10166.0,10166.0,14565.0,4933.0,unknown_family,u_PKSother_4933,dumulmycin
CP108229.region028,NBC_00085,1.28,CP108229,7781843.0,7895913.0,False,114070.0,BGC0002385,derivative,Dumulmycin/Shuangdaolide,yes,Polyketide,0.8095238095238095,bgcflow,data/external/G1034_20230801/antismash/7.0.0/NBC_00085/CP108229.region028.gbk,transAT-PKS.T3PKS.PKS-like,PKSother,10166.0,10166.0,10166.0,14565.0,4608.0,unknown_family,u_PKSother_4608,dumulmycin
NBC_00465_1.region004,NBC_00465,2.4,NBC_00465_1,677417.0,773989.0,False,96572.0,BGC0002451,derivative,Inthomycin,yes,Polyketide,10.909.090.909.090.900,bgcflow,data/external/G1034_20230801/antismash/7.0.0/NBC_00465/NBC_00465_1.region004.gbk,transAT-PKS.NRPS-like.NRPS,PKS-NRP_Hybrids,2230.0,2230.0,7128.0,10239.0,1073.0,known_family,inthomycin B,inthomycin_B
CP108039.region010,NBC_00299,1.1,CP108039,1020777.0,1116208.0,False,95431.0,BGC0002451,derivative,Inthomycin,yes,Polyketide,1.0,bgcflow,data/external/G1034_20230801/antismash/7.0.0/NBC_00299/CP108039.region010.gbk,transAT-PKS.NRPS-like.NRPS,PKS-NRP_Hybrids,2230.0,2230.0,7128.0,10239.0,1073.0,known_family,inthomycin B,inthomycin_B
CP108038.region030,NBC_00302,1.3,CP108038,9057350.0,9153722.0,False,96372.0,BGC0002451,derivative,Inthomycin,yes,Polyketide,1.0,bgcflow,data/external/G1034_20230801/antismash/7.0.0/NBC_00302/CP108038.region030.gbk,transAT-PKS.NRPS-like.NRPS,PKS-NRP_Hybrids,2230.0,2230.0,7128.0,10239.0,1073.0,known_family,inthomycin B,inthomycin_B
CP108428.region014,NBC_01286,1.14,CP108428,5981456.0,6067186.0,False,85730.0,BGC0000177,derivative,Iso-migrastatin/Dorrigocin,yes,Polyketide:Modular type I polyketide+Polyketide:Trans-AT type I polyketide,0.7272727272727273,bgcflow,data/external/G1034_20230801/antismash/7.0.0/NBC_01286/CP108428.region014.gbk,transAT-PKS,PKSother,6264.0,6264.0,6264.0,14565.0,512.0,known_family,iso-migrastatin,iso-migrastatin
CP108403.region025,NBC_01307,1.25,CP108403,4713425.0,4799143.0,False,85718.0,BGC0000177,derivative,Iso-migrastatin/Dorrigocin,yes,Polyketide:Modular type I polyketide+Polyketide:Trans-AT type I polyketide,0.7272727272727273,bgcflow,data/external/G1034_20230801/antismash/7.0.0/NBC_01307/CP108403.region025.gbk,transAT-PKS,PKSother,6264.0,6264.0,6264.0,14565.0,512.0,known_family,iso-migrastatin,iso-migrastatin
CP107994.region007,NBC_00348,1.7,CP107994,1223368.0,1309095.0,False,85727.0,BGC0000177,derivative,Iso-migrastatin/Dorrigocin,yes,Polyketide:Modular type I polyketide+Polyketide:Trans-AT type I polyketide,0.7272727272727273,bgcflow,data/external/G1034_20230801/antismash/7.0.0/NBC_00348/CP107994.region007.gbk,transAT-PKS,PKSother,6264.0,6264.0,6264.0,14565.0,512.0,known_family,iso-migrastatin,iso-migrastatin
CP107982.region036,NBC_00355,1.36,CP107982,9939904.0,10025523.0,False,85619.0,BGC0000177,derivative,Iso-migrastatin/Dorrigocin,yes,Polyketide:Modular type I polyketide+Polyketide:Trans-AT type I polyketide,0.7272727272727273,bgcflow,data/external/G1034_20230801/antismash/7.0.0/NBC_00355/CP107982.region036.gbk,transAT-PKS,PKSother,6264.0,6264.0,6264.0,14565.0,512.0,known_family,iso-migrastatin,iso-migrastatin
CP107923.region026,NBC_00438,1.26,CP107923,4708742.0,4794376.0,False,85634.0,BGC0000177,derivative,Iso-migrastatin/Dorrigocin,yes,Polyketide:Modular type I polyketide+Polyketide:Trans-AT type I polyketide,0.7272727272727273,bgcflow,data/external/G1034_20230801/antismash/7.0.0/NBC_00438/CP107923.region026.gbk,transAT-PKS,PKSother,6264.0,6264.0,6264.0,14565.0,512.0,known_family,iso-migrastatin,iso-migrastatin
CP107840.region012,NBC_00516,1.12,CP107840,2596763.0,2681567.0,False,84804.0,BGC0000177,derivative,Iso-migrastatin/Dorrigocin,yes,Polyketide:Modular type I polyketide+Polyketide:Trans-AT type I polyketide,0.6363636363636364,bgcflow,data/external/G1034_20230801/antismash/7.0.0/NBC_00516/CP107840.region012.gbk,transAT-PKS,PKSother,3741.0,3741.0,3741.0,14565.0,512.0,known_family,iso-migrastatin,iso-migrastatin
NBC_01571_1.region008,NBC_01571,1.8,NBC_01571_1,1768872.0,1873922.0,False,105050.0,BGC0001070,derivative,Kirromycin,yes,NRP+Polyketide:Modular type I polyketide+Polyketide:Trans-AT type I polyketide,0.8846153846153846,bgcflow,data/external/G1034_20230801/antismash/7.0.0/NBC_01571/NBC_01571_1.region008.gbk,transAT-PKS.NRPS.T1PKS.crocagin,Others,31275.0,31275.0,31275.0,12413.0,3671.0,unknown_family,u_Others_3671,kirromycin
CP109460.region032,NBC_01454,1.32,CP109460,7865562.0,7984306.0,False,118744.0,BGC0001070,derivative,Kirromycin,yes,NRP+Polyketide:Modular type I polyketide+Polyketide:Trans-AT type I polyketide,0.7307692307692307,bgcflow,data/external/G1034_20230801/antismash/7.0.0/NBC_01454/CP109460.region032.gbk,NI-siderophore.transAT-PKS.T1PKS.NRPS,Others,2622.0,2622.0,2622.0,12413.0,594.0,unknown_family,u_Others_594,kirromycin
CP109455.region036,NBC_01456,1.36,CP109455,8655107.0,8773851.0,False,118744.0,BGC0001070,derivative,Kirromycin,yes,NRP+Polyketide:Modular type I polyketide+Polyketide:Trans-AT type I polyketide,0.7307692307692307,bgcflow,data/external/G1034_20230801/antismash/7.0.0/NBC_01456/CP109455.region036.gbk,NI-siderophore.transAT-PKS.T1PKS.NRPS,Others,2622.0,2622.0,2622.0,12413.0,594.0,unknown_family,u_Others_594,kirromycin
CP109199.region008,NBC_01699,1.8,CP109199,3318278.0,3423204.0,False,104926.0,BGC0001070,derivative,Kirromycin,yes,NRP+Polyketide:Modular type I polyketide+Polyketide:Trans-AT type I polyketide,0.7307692307692307,bgcflow,data/external/G1034_20230801/antismash/7.0.0/NBC_01699/CP109199.region008.gbk,transAT-PKS.T1PKS.NRPS,PKS-NRP_Hybrids,22084.0,22084.0,22084.0,10239.0,4312.0,unknown_family,u_PKS-NRP_Hybrids_4312,kirromycin
CP108514.region033,NBC_01233,1.33,CP108514,9419373.0,9571302.0,False,151929.0,BGC0001070,derivative,Kirromycin,yes,NRP+Polyketide:Modular type I polyketide+Polyketide:Trans-AT type I polyketide,0.8846153846153846,bgcflow,data/external/G1034_20230801/antismash/7.0.0/NBC_01233/CP108514.region033.gbk,transAT-PKS.T1PKS.NRPS,PKS-NRP_Hybrids,14262.0,14262.0,14262.0,10239.0,4209.0,unknown_family,u_PKS-NRP_Hybrids_4209,kirromycin
CP108530.region001,NBC_01224,2.1,CP108530,120480.0,303457.0,False,182977.0,BGC0000085,derivative,Lankamycin,yes,Polyketide,10.666.666.666.666.600,bgcflow,data/external/G1034_20230801/antismash/7.0.0/NBC_01224/CP108530.region001.gbk,transAT-PKS.butyrolactone.T2PKS.T1PKS.redox-cofactor.NRPS,Others,14416.0,14416.0,14416.0,12413.0,1897.0,known_family,lankacidin C,lankamycin
CP109435.region001,NBC_01485,1.1,CP109435,62487.0,147434.0,False,84947.0,BGC0001853,derivative,Largimiycin,yes,NRP+Polyketide:Modular type I polyketide,0.8571428571428571,bgcflow,data/external/G1034_20230801/antismash/7.0.0/NBC_01485/CP109435.region001.gbk,transAT-PKS.NRPS-like.PKS-like.NRPS,PKS-NRP_Hybrids,25454.0,25454.0,25454.0,10239.0,4356.0,unknown_family,u_PKS-NRP_Hybrids_4356,largimiycin_38
CP109090.region020,NBC_01788,1.2,CP109090,7290408.0,7375940.0,False,85532.0,BGC0001853,derivative,Largimiycin,yes,NRP+Polyketide:Modular type I polyketide,1.0,bgcflow,data/external/G1034_20230801/antismash/7.0.0/NBC_01788/CP109090.region020.gbk,transAT-PKS.NRPS-like.PKS-like.NRPS,PKS-NRP_Hybrids,1706.0,25454.0,25454.0,10239.0,2098.0,known_family,largimiycin 38,largimiycin_38
CP108121.region007,NBC_00209,1.7,CP108121,2251218.0,2352891.0,False,101673.0,BGC0001853,derivative,Largimiycin,yes,NRP+Polyketide:Modular type I polyketide,0.6571428571428571,bgcflow,data/external/G1034_20230801/antismash/7.0.0/NBC_00209/CP108121.region007.gbk,transAT-PKS.NRPS-like.PKS-like.LAP.NRPS,Others,8480.0,8480.0,8480.0,12413.0,2036.0,unknown_family,u_Others_2036,largimiycin_38
CP107919.region010,NBC_00441,1.1,CP107919,4608443.0,4711442.0,False,102999.0,BGC0001853,derivative,Largimiycin,yes,NRP+Polyketide:Modular type I polyketide,0.6285714285714286,bgcflow,data/external/G1034_20230801/antismash/7.0.0/NBC_00441/CP107919.region010.gbk,transAT-PKS.NRPS-like.LAP.PKS-like.NRPS,Others,8480.0,8480.0,8480.0,12413.0,2036.0,unknown_family,u_Others_2036,largimiycin_38
CP109590.region001,NBC_01361,2.1,CP109590,25067.0,289821.0,False,264754.0,BGC0001101,derivative,Leinamycin,yes,NRP+Polyketide:Modular type I polyketide+Polyketide:Trans-AT type I polyketide,0.8732394366197183,bgcflow,data/external/G1034_20230801/antismash/7.0.0/NBC_01361/CP109590.region001.gbk,butyrolactone.transAT-PKS.T2PKS.PKS-like.NRPS,Others,27648.0,27648.0,27986.0,12413.0,3595.0,unknown_family,u_Others_3595,leinamycin
CP109486.region003,NBC_01445,2.3,CP109486,739747.0,1011338.0,False,271591.0,BGC0001101,derivative,Leinamycin,yes,NRP+Polyketide:Modular type I polyketide+Polyketide:Trans-AT type I polyketide,0.9577464788732394,bgcflow,data/external/G1034_20230801/antismash/7.0.0/NBC_01445/CP109486.region003.gbk,transAT-PKS.butyrolactone.T2PKS.PKS-like.NRPS,Others,26226.0,27929.0,27929.0,12413.0,3576.0,unknown_family,u_Others_3576,leinamycin
CP108974.region019,NBC_00734,1.19,CP108974,5944655.0,6045463.0,False,100808.0,BGC0001106,derivative,Oxalomycin,yes,NRP+Polyketide,0.4848484848484848,bgcflow,data/external/G1034_20230801/antismash/7.0.0/NBC_00734/CP108974.region019.gbk,transAT-PKS.NRPS-like.NRPS,PKS-NRP_Hybrids,3183.0,3183.0,18845.0,10239.0,1072.0,unknown_family,u_PKS-NRP_Hybrids_1072,oxalomycin_B
CP108368.region015,NBC_01337,1.15,CP108368,2701196.0,2801802.0,False,100606.0,BGC0001106,derivative,Oxalomycin,yes,NRP+Polyketide,0.4848484848484848,bgcflow,data/external/G1034_20230801/antismash/7.0.0/NBC_01337/CP108368.region015.gbk,transAT-PKS.NRPS-like.NRPS,PKS-NRP_Hybrids,3183.0,3183.0,18845.0,10239.0,1072.0,unknown_family,u_PKS-NRP_Hybrids_1072,oxalomycin_B
CP107963.region022,NBC_00375,1.22,CP107963,6127774.0,6228396.0,False,100622.0,BGC0001106,derivative,Oxalomycin,yes,NRP+Polyketide,0.4848484848484848,bgcflow,data/external/G1034_20230801/antismash/7.0.0/NBC_00375/CP107963.region022.gbk,transAT-PKS.NRPS-like.NRPS,PKS-NRP_Hybrids,3183.0,3183.0,18845.0,10239.0,1072.0,unknown_family,u_PKS-NRP_Hybrids_1072,oxalomycin_B
CP107782.region017,NBC_00573,1.17,CP107782,2700178.0,2800999.0,False,100821.0,BGC0001106,derivative,Oxalomycin,yes,NRP+Polyketide,0.4848484848484848,bgcflow,data/external/G1034_20230801/antismash/7.0.0/NBC_00573/CP107782.region017.gbk,transAT-PKS.NRPS-like.NRPS,PKS-NRP_Hybrids,3183.0,3183.0,18845.0,10239.0,1072.0,unknown_family,u_PKS-NRP_Hybrids_1072,oxalomycin_B
CP108476.region044,NBC_01250,1.44,CP108476,8180736.0,8285813.0,False,105077.0,BGC0001740,derivative,Phthoxazolin,yes,NRP+Polyketide,0.4186046511627907,bgcflow,data/external/G1034_20230801/antismash/7.0.0/NBC_01250/CP108476.region044.gbk,transAT-PKS.NRPS-like.NRPS,PKS-NRP_Hybrids,12893.0,12893.0,12893.0,10239.0,2165.0,unknown_family,u_PKS-NRP_Hybrids_2165,phthoxazolin
CP108404.region040,NBC_01302,1.4,CP108404,8286449.0,8391334.0,False,104885.0,BGC0001740,derivative,Phthoxazolin,yes,NRP+Polyketide,0.4186046511627907,bgcflow,data/external/G1034_20230801/antismash/7.0.0/NBC_01302/CP108404.region040.gbk,transAT-PKS.NRPS-like.NRPS,PKS-NRP_Hybrids,12893.0,12893.0,12893.0,10239.0,2165.0,unknown_family,u_PKS-NRP_Hybrids_2165,phthoxazolin
NBC_01548_4.region001,NBC_01548,2.1,NBC_01548_4,13825.0,287123.0,True,273298.0,BGC0002097,derivative,Virginiamycin,yes,NRP+Polyketide:Type II polyketide+Saccharide:Hybrid/tailoring saccharide,0.83,bgcflow,data/external/G1034_20230801/antismash/7.0.0/NBC_01548/NBC_01548_4.region001.gbk,,PKS-NRP_Hybrids,,,,,,,,virginiamycin
NBC_01458_8.region001,NBC_01458,3.1,NBC_01458_8,8703.0,286623.0,True,277920.0,BGC0002097,derivative,Virginiamycin,yes,NRP+Polyketide:Type II polyketide+Saccharide:Hybrid/tailoring saccharide,0.83,bgcflow,data/external/G1034_20230801/antismash/7.0.0/NBC_01458/NBC_01458_8.region001.gbk,,PKS-NRP_Hybrids,,,,,,,,virginiamycin
CP108424.region001,NBC_01294,2.1,CP108424,24916.0,151484.0,False,126568.0,BGC0001116,derivative,Virginiamycin,yes,NRP+Polyketide,1.0,bgcflow,data/external/G1034_20230801/antismash/7.0.0/NBC_01294/CP108424.region001.gbk,transAT-PKS.butyrolactone.PKS-like.NRPS,Others,13142.0,13142.0,13142.0,12413.0,1939.0,unknown_family,u_Others_1939,virginiamycin
CP107872.region001,NBC_00488,2.1,CP107872,20314.0,147039.0,False,126725.0,BGC0001116,derivative,Virginiamycin,yes,NRP+Polyketide,1.0,bgcflow,data/external/G1034_20230801/antismash/7.0.0/NBC_00488/CP107872.region001.gbk,transAT-PKS.butyrolactone.PKS-like.NRPS,Others,13142.0,13142.0,13142.0,12413.0,1939.0,unknown_family,u_Others_1939,virginiamycin
NBC_01565_3.region021,NBC_01565,1.21,NBC_01565_3,7381631.0,7520030.0,False,138399.0,BGC0001823,derivative,Weishanmycin,yes,NRP+Polyketide,1.0,bgcflow,data/external/G1034_20230801/antismash/7.0.0/NBC_01565/NBC_01565_3.region021.gbk,transAT-PKS.T1PKS.NAPAA.terpene.NRPS,Others,15002.0,31267.0,31267.0,12413.0,1011.0,unknown_family,u_Others_1011,weishanmycin
CP108768.region020,NBC_00909,1.2,CP108768,7129956.0,7248820.0,False,118864.0,BGC0001823,derivative,Weishanmycin,yes,NRP+Polyketide,1.0,bgcflow,data/external/G1034_20230801/antismash/7.0.0/NBC_00909/CP108768.region020.gbk,transAT-PKS.T1PKS.NAPAA.terpene.NRPS,Others,15002.0,31267.0,31267.0,12413.0,1011.0,unknown_family,u_Others_1011,weishanmycin
CP108577.region004,NBC_01191,1.4,CP108577,891671.0,1009942.0,False,118271.0,BGC0001823,derivative,Weishanmycin,yes,NRP+Polyketide,1.0,bgcflow,data/external/G1034_20230801/antismash/7.0.0/NBC_01191/CP108577.region004.gbk,transAT-PKS.T1PKS.NAPAA.terpene.NRPS,Others,15002.0,31267.0,31267.0,12413.0,1011.0,unknown_family,u_Others_1011,weishanmycin
CP108057.region022,NBC_00283,1.22,CP108057,7190737.0,7309601.0,False,118864.0,BGC0001823,derivative,Weishanmycin,yes,NRP+Polyketide,1.0,bgcflow,data/external/G1034_20230801/antismash/7.0.0/NBC_00283/CP108057.region022.gbk,transAT-PKS.T1PKS.NAPAA.terpene.NRPS,Others,15002.0,31267.0,31267.0,12413.0,1011.0,unknown_family,u_Others_1011,weishanmycin
CP108577.region016,NBC_01191,1.16,CP108577,6767700.0,6845067.0,False,77367.0,BGC0002385,unique,Dumulmycin/Shuangdaolide,yes,Polyketide,0.1428571428571428,bgcflow,data/external/G1034_20230801/antismash/7.0.0/NBC_01191/CP108577.region016.gbk,transAT-PKS,PKSother,15014.0,15014.0,18218.0,14565.0,4761.0,unknown_family,u_PKSother_4761,
CP108513.region031,NBC_01235,1.31,CP108513,10813210.0,10924454.0,False,111244.0,BGC0002083,unique,Gladiofungin,yes,Polyketide:Trans-AT type I polyketide,0.25,bgcflow,data/external/G1034_20230801/antismash/7.0.0/NBC_01235/CP108513.region031.gbk,transAT-PKS,PKSother,14228.0,14228.0,14228.0,14565.0,4929.0,unknown_family,u_PKSother_4929,
NBC_01669_4.region002,NBC_01669,1.2,NBC_01669_4,690673.0,774812.0,False,84139.0,BGC0001611,unique,Guangnanmycin,yes,NRP+Polyketide,0.4285714285714285,bgcflow,data/external/G1034_20230801/antismash/7.0.0/NBC_01669/NBC_01669_4.region002.gbk,transAT-PKS.T1PKS.PKS-like.NRPS,PKS-NRP_Hybrids,12647.0,12647.0,12647.0,10239.0,1409.0,unknown_family,u_PKS-NRP_Hybrids_1409,GCF3
CP108853.region019,NBC_00841,1.19,CP108853,9034988.0,9119127.0,False,84139.0,BGC0001611,unique,Guangnanmycin,yes,NRP+Polyketide,0.4285714285714285,bgcflow,data/external/G1034_20230801/antismash/7.0.0/NBC_00841/CP108853.region019.gbk,transAT-PKS.T1PKS.PKS-like.NRPS,PKS-NRP_Hybrids,12647.0,12647.0,12647.0,10239.0,1409.0,unknown_family,u_PKS-NRP_Hybrids_1409,GCF3
CP108390.region004,NBC_01320,1.4,CP108390,2267354.0,2351592.0,False,84238.0,BGC0001611,unique,Guangnanmycin,yes,NRP+Polyketide,0.4285714285714285,bgcflow,data/external/G1034_20230801/antismash/7.0.0/NBC_01320/CP108390.region004.gbk,transAT-PKS.T1PKS.PKS-like.NRPS,PKS-NRP_Hybrids,12647.0,12647.0,12647.0,10239.0,1409.0,unknown_family,u_PKS-NRP_Hybrids_1409,GCF3
CP108129.region021,NBC_00196,1.21,CP108129,6860039.0,6967694.0,False,107655.0,BGC0001611,unique,Guangnanmycin,yes,NRP+Polyketide,0.6785714285714286,bgcflow,data/external/G1034_20230801/antismash/7.0.0/NBC_00196/CP108129.region021.gbk,transAT-PKS.terpene.PKS-like.NRPS,Others,7773.0,7773.0,7773.0,12413.0,1371.0,unknown_family,u_Others_1371,GCF4
CP108086.region023,NBC_00253,1.23,CP108086,7702982.0,7810679.0,False,107697.0,BGC0001611,unique,Guangnanmycin,yes,NRP+Polyketide,0.6785714285714286,bgcflow,data/external/G1034_20230801/antismash/7.0.0/NBC_00253/CP108086.region023.gbk,transAT-PKS.terpene.PKS-like.NRPS,Others,7773.0,7773.0,7773.0,12413.0,1371.0,unknown_family,u_Others_1371,GCF4
CP108085.region009,NBC_00254,1.9,CP108085,2864615.0,2972247.0,False,107632.0,BGC0001611,unique,Guangnanmycin,yes,NRP+Polyketide,0.6785714285714286,bgcflow,data/external/G1034_20230801/antismash/7.0.0/NBC_00254/CP108085.region009.gbk,transAT-PKS.terpene.PKS-like.NRPS,Others,7773.0,7773.0,7773.0,12413.0,1371.0,unknown_family,u_Others_1371,GCF4
CP130716.region004,NBC_00150,1.4,CP130716,743349.0,842729.0,False,99380.0,BGC0001099,unique,Kalimantacin ,yes,NRP+Polyketide:Modular type I polyketide+Polyketide:Trans-AT type I polyketide,0.1724137931034483,bgcflow,data/external/G1034_20230801/antismash/7.0.0/NBC_00150/CP130716.region004.gbk,transAT-PKS.T3PKS.PKS-like.NRPS,PKS-NRP_Hybrids,27859.0,27859.0,27859.0,10239.0,604.0,unknown_family,u_PKS-NRP_Hybrids_604,GCF2
CP109522.region026,NBC_01414,1.26,CP109522,7547291.0,7628570.0,False,81279.0,BGC0001099,unique,Kalimantacin ,yes,NRP+Polyketide:Modular type I polyketide+Polyketide:Trans-AT type I polyketide,0.0689655172413793,bgcflow,data/external/G1034_20230801/antismash/7.0.0/NBC_01414/CP109522.region026.gbk,transAT-PKS.PKS-like,PKSother,26735.0,26735.0,24366.0,14565.0,1425.0,unknown_family,u_PKSother_1425,GCF1
CP109368.region026,NBC_01556,1.26,CP109368,7600319.0,7681598.0,False,81279.0,BGC0001099,unique,Kalimantacin ,yes,NRP+Polyketide:Modular type I polyketide+Polyketide:Trans-AT type I polyketide,0.0689655172413793,bgcflow,data/external/G1034_20230801/antismash/7.0.0/NBC_01556/CP109368.region026.gbk,transAT-PKS.PKS-like,PKSother,26735.0,26735.0,24366.0,14565.0,1425.0,unknown_family,u_PKSother_1425,GCF1
CP109317.region027,NBC_01598,1.27,CP109317,7592387.0,7673666.0,False,81279.0,BGC0001099,unique,Kalimantacin ,yes,NRP+Polyketide:Modular type I polyketide+Polyketide:Trans-AT type I polyketide,0.0689655172413793,bgcflow,data/external/G1034_20230801/antismash/7.0.0/NBC_01598/CP109317.region027.gbk,transAT-PKS.PKS-like,PKSother,26735.0,26735.0,24366.0,14565.0,1425.0,unknown_family,u_PKSother_1425,GCF1
CP109126.region002,NBC_01759,2.2,CP109126,125108.0,226502.0,False,101394.0,BGC0001099,unique,Kalimantacin ,yes,NRP+Polyketide:Modular type I polyketide+Polyketide:Trans-AT type I polyketide,0.0689655172413793,bgcflow,data/external/G1034_20230801/antismash/7.0.0/NBC_01759/CP109126.region002.gbk,transAT-PKS.NRPS-like.PKS-like,PKS-NRP_Hybrids,21104.0,21104.0,21104.0,10239.0,4377.0,unknown_family,u_PKS-NRP_Hybrids_4377,GCF1
CP109038.region033,NBC_00648,1.33,CP109038,7606530.0,7705808.0,False,99278.0,BGC0001099,unique,Kalimantacin ,yes,NRP+Polyketide:Modular type I polyketide+Polyketide:Trans-AT type I polyketide,0.1724137931034483,bgcflow,data/external/G1034_20230801/antismash/7.0.0/NBC_00648/CP109038.region033.gbk,transAT-PKS.T3PKS.PKS-like.NRPS,PKS-NRP_Hybrids,27859.0,27859.0,27859.0,10239.0,604.0,unknown_family,u_PKS-NRP_Hybrids_604,GCF2
CP109019.region004,NBC_00668,1.4,CP109019,514254.0,613350.0,False,99096.0,BGC0001099,unique,Kalimantacin ,yes,NRP+Polyketide:Modular type I polyketide+Polyketide:Trans-AT type I polyketide,0.1724137931034483,bgcflow,data/external/G1034_20230801/antismash/7.0.0/NBC_00668/CP109019.region004.gbk,transAT-PKS.T3PKS.PKS-like.NRPS,PKS-NRP_Hybrids,27859.0,27859.0,27859.0,10239.0,604.0,unknown_family,u_PKS-NRP_Hybrids_604,GCF2
CP108295.region004,NBC_00027,1.4,CP108295,496115.0,595160.0,False,99045.0,BGC0001099,unique,Kalimantacin ,yes,NRP+Polyketide:Modular type I polyketide+Polyketide:Trans-AT type I polyketide,0.1724137931034483,bgcflow,data/external/G1034_20230801/antismash/7.0.0/NBC_00027/CP108295.region004.gbk,transAT-PKS.T3PKS.PKS-like.NRPS,PKS-NRP_Hybrids,27859.0,27859.0,27859.0,10239.0,604.0,unknown_family,u_PKS-NRP_Hybrids_604,GCF2
CP108253.region034,NBC_00060,1.34,CP108253,8069216.0,8168596.0,False,99380.0,BGC0001099,unique,Kalimantacin ,yes,NRP+Polyketide:Modular type I polyketide+Polyketide:Trans-AT type I polyketide,0.1724137931034483,bgcflow,data/external/G1034_20230801/antismash/7.0.0/NBC_00060/CP108253.region034.gbk,transAT-PKS.T3PKS.PKS-like.NRPS,PKS-NRP_Hybrids,27859.0,27859.0,27859.0,10239.0,604.0,unknown_family,u_PKS-NRP_Hybrids_604,GCF2
CP108106.region004,NBC_00224,1.4,CP108106,743351.0,842731.0,False,99380.0,BGC0001099,unique,Kalimantacin ,yes,NRP+Polyketide:Modular type I polyketide+Polyketide:Trans-AT type I polyketide,0.1724137931034483,bgcflow,data/external/G1034_20230801/antismash/7.0.0/NBC_00224/CP108106.region004.gbk,transAT-PKS.T3PKS.PKS-like.NRPS,PKS-NRP_Hybrids,27859.0,27859.0,27859.0,10239.0,604.0,unknown_family,u_PKS-NRP_Hybrids_604,GCF2
NBC_01287_2.region001,NBC_01287,1.1,NBC_01287_2,33814.0,184760.0,False,150946.0,BGC0002455,unique,Lagriene,yes,Polyketide,0.1521739130434782,bgcflow,data/external/G1034_20230801/antismash/7.0.0/NBC_01287/NBC_01287_2.region001.gbk,transAT-PKS.lanthipeptide-class-ii.PKS-like.thiopeptide.NRPS.T3PKS.RRE-containing,Others,30545.0,31171.0,31171.0,12413.0,3899.0,unknown_family,u_Others_3899,lagriene
CP109483.region024,NBC_01447,1.24,CP109483,7424130.0,7505606.0,False,81476.0,BGC0001646,unique,Lagriene,yes,NRP+Polyketide,0.0909090909090909,bgcflow,data/external/G1034_20230801/antismash/7.0.0/NBC_01447/CP109483.region024.gbk,transAT-PKS.PKS-like,PKSother,24756.0,24756.0,18218.0,14565.0,720.0,unknown_family,u_PKSother_720,lagriamide
CP108849.region024,NBC_00843,1.24,CP108849,7474648.0,7556184.0,False,81536.0,BGC0001646,unique,Lagriene,yes,NRP+Polyketide,0.0909090909090909,bgcflow,data/external/G1034_20230801/antismash/7.0.0/NBC_00843/CP108849.region024.gbk,transAT-PKS.PKS-like,PKSother,24756.0,24756.0,18218.0,14565.0,720.0,unknown_family,u_PKSother_720,lagriamide
CP109364.region036,NBC_01560,1.36,CP109364,8182721.0,8334296.0,False,151575.0,BGC0001853,unique,Largimycin,yes,NRP+Polyketide:Modular type I polyketide,0.5428571428571428,bgcflow,data/external/G1034_20230801/antismash/7.0.0/NBC_01560/CP109364.region036.gbk,transAT-PKS.NRPS-like.arylpolyene.PKS-like.lanthipeptide-class-iii.NRPS,Others,24301.0,24301.0,24301.0,12413.0,3988.0,unknown_family,u_Others_3988,
CP109078.region011,NBC_01796,1.11,CP109078,6025647.0,6121050.0,False,95403.0,BGC0001853,unique,Largimycin,yes,NRP+Polyketide:Modular type I polyketide,0.5428571428571428,bgcflow,data/external/G1034_20230801/antismash/7.0.0/NBC_01796/CP109078.region011.gbk,transAT-PKS.NRPS-like.PKS-like.NRPS,PKS-NRP_Hybrids,20464.0,20464.0,20464.0,10239.0,4378.0,unknown_family,u_PKS-NRP_Hybrids_4378,GCF5
CP109068.region019,NBC_01811,1.19,CP109068,6289322.0,6428817.0,False,139495.0,BGC0001853,unique,Largimycin,yes,NRP+Polyketide:Modular type I polyketide,0.4857142857142857,bgcflow,data/external/G1034_20230801/antismash/7.0.0/NBC_01811/CP109068.region019.gbk,transAT-PKS.NRPS-like.PKS-like.NRPS,PKS-NRP_Hybrids,20247.0,20247.0,20247.0,10239.0,4233.0,unknown_family,u_PKS-NRP_Hybrids_4233,
CP108653.region002,NBC_01103,1.2,CP108653,173345.0,257033.0,False,83688.0,BGC0001853,unique,Largimycin,yes,NRP+Polyketide:Modular type I polyketide,0.5142857142857142,bgcflow,data/external/G1034_20230801/antismash/7.0.0/NBC_01103/CP108653.region002.gbk,transAT-PKS.NRPS-like.PKS-like.NRPS,PKS-NRP_Hybrids,15966.0,15966.0,15966.0,10239.0,4196.0,unknown_family,u_PKS-NRP_Hybrids_4196,
CP108290.region005,NBC_00039,2.5,CP108290,532711.0,613966.0,False,81255.0,BGC0001853,unique,Largimycin,yes,NRP+Polyketide:Modular type I polyketide,0.4857142857142857,bgcflow,data/external/G1034_20230801/antismash/7.0.0/NBC_00039/CP108290.region005.gbk,transAT-PKS.NRPS-like.NRPS,PKS-NRP_Hybrids,10961.0,10961.0,10961.0,10239.0,2118.0,unknown_family,u_PKS-NRP_Hybrids_2118,GCF6
CP108229.region001,NBC_00085,1.1,CP108229,252711.0,332936.0,False,80225.0,BGC0001853,unique,Largimycin,yes,NRP+Polyketide:Modular type I polyketide,0.4857142857142857,bgcflow,data/external/G1034_20230801/antismash/7.0.0/NBC_00085/CP108229.region001.gbk,transAT-PKS.NRPS-like.NRPS,PKS-NRP_Hybrids,10961.0,10961.0,10961.0,10239.0,2118.0,unknown_family,u_PKS-NRP_Hybrids_2118,GCF6
CP107893.region012,NBC_00468,1.12,CP107893,4330381.0,4425439.0,False,95058.0,BGC0001853,unique,Largimycin,yes,NRP+Polyketide:Modular type I polyketide,0.5714285714285714,bgcflow,data/external/G1034_20230801/antismash/7.0.0/NBC_00468/CP107893.region012.gbk,transAT-PKS.NRPS-like.PKS-like.NRPS,PKS-NRP_Hybrids,4643.0,20464.0,20464.0,10239.0,4300.0,unknown_family,u_PKS-NRP_Hybrids_4300,GCF5
CP108613.region008,NBC_01166,1.8,CP108613,1079131.0,1196455.0,False,117324.0,BGC0001470,unique,Macrobrevin,yes,Polyketide:Trans-AT type I polyketide,0.6,bgcflow,data/external/G1034_20230801/antismash/7.0.0/NBC_01166/CP108613.region008.gbk,transAT-PKS.T1PKS.PKS-like.T3PKS.hglE-KS,PKSother,15513.0,15513.0,15513.0,14565.0,4779.0,unknown_family,u_PKSother_4779,
CP109495.region010,NBC_01432,1.1,CP109495,983006.0,1064132.0,False,81126.0,BGC0001032,unique,Oocydin,yes,NRP+Polyketide,0.0869565217391304,bgcflow,data/external/G1034_20230801/antismash/7.0.0/NBC_01432/CP109495.region010.gbk,transAT-PKS.PKS-like,PKSother,24756.0,24756.0,18218.0,14565.0,720.0,unknown_family,u_PKSother_720,GCF1
CP109421.region009,NBC_01507,1.9,CP109421,1002221.0,1083409.0,False,81188.0,BGC0001032,unique,Oocydin,yes,NRP+Polyketide,0.0869565217391304,bgcflow,data/external/G1034_20230801/antismash/7.0.0/NBC_01507/CP109421.region009.gbk,transAT-PKS.PKS-like,PKSother,24756.0,24756.0,18218.0,14565.0,720.0,unknown_family,u_PKSother_720,GCF1
CP109393.region010,NBC_01536,1.1,CP109393,1005251.0,1085557.0,False,80306.0,BGC0001032,unique,Oocydin,yes,NRP+Polyketide,0.0869565217391304,bgcflow,data/external/G1034_20230801/antismash/7.0.0/NBC_01536/CP109393.region010.gbk,transAT-PKS.PKS-like,PKSother,24756.0,24756.0,18218.0,14565.0,720.0,unknown_family,u_PKSother_720,GCF1
CP109389.region010,NBC_01542,1.1,CP109389,1010419.0,1091624.0,False,81205.0,BGC0001032,unique,Oocydin,yes,NRP+Polyketide,0.0869565217391304,bgcflow,data/external/G1034_20230801/antismash/7.0.0/NBC_01542/CP109389.region010.gbk,transAT-PKS.PKS-like,PKSother,24756.0,24756.0,18218.0,14565.0,720.0,unknown_family,u_PKSother_720,GCF1
CP109426.region036,NBC_01499,1.36,CP109426,8143582.0,8199183.0,False,55601.0,BGC0001106,unique,Oxalomycin,yes,NRP+Polyketide,0.0909090909090909,bgcflow,data/external/G1034_20230801/antismash/7.0.0/NBC_01499/CP109426.region036.gbk,transAT-PKS,PKSother,25277.0,25277.0,25277.0,14565.0,4802.0,unknown_family,u_PKSother_4802,
NBC_01287_2.region026,NBC_01287,1.26,NBC_01287_2,7261972.0,7359578.0,False,97606.0,BGC0001740,unique,Phthoxazolin,yes,NRP+Polyketide,0.1162790697674418,bgcflow,data/external/G1034_20230801/antismash/7.0.0/NBC_01287/NBC_01287_2.region026.gbk,transAT-PKS.T1PKS.PKS-like.NRPS,PKS-NRP_Hybrids,30570.0,30570.0,30570.0,10239.0,4396.0,unknown_family,u_PKS-NRP_Hybrids_4396,
CP108513.region001,NBC_01235,1.1,CP108513,27504.0,129549.0,False,102045.0,BGC0001740,unique,Phthoxazolin,yes,NRP+Polyketide,0.1162790697674418,bgcflow,data/external/G1034_20230801/antismash/7.0.0/NBC_01235/CP108513.region001.gbk,transAT-PKS.T1PKS.PKS-like.terpene.NRPS,Others,14198.0,14198.0,14198.0,12413.0,3886.0,unknown_family,u_Others_3886,
CP108059.region001,NBC_00280,1.1,CP108059,9916.0,104722.0,True,94806.0,BGC0001740,unique,Phthoxazolin,yes,NRP+Polyketide,0.1395348837209302,bgcflow,data/external/G1034_20230801/antismash/7.0.0/NBC_00280/CP108059.region001.gbk,transAT-PKS.T1PKS.NRPS,PKS-NRP_Hybrids,4754.0,4754.0,4754.0,10239.0,2110.0,unknown_family,u_PKS-NRP_Hybrids_2110,GCF7
CP108025.region028,NBC_00315,1.28,CP108025,7606107.0,7671671.0,False,65564.0,BGC0001740,unique,Phthoxazolin,yes,NRP+Polyketide,0.0465116279069767,bgcflow,data/external/G1034_20230801/antismash/7.0.0/NBC_00315/CP108025.region028.gbk,transAT-PKS.NRPS,PKS-NRP_Hybrids,6914.0,6914.0,6914.0,10239.0,4512.0,unknown_family,u_PKS-NRP_Hybrids_4512,
CP108025.region012,NBC_00315,1.12,CP108025,1927967.0,2090116.0,False,162149.0,BGC0001740,unique,Phthoxazolin,yes,NRP+Polyketide,0.1860465116279069,bgcflow,data/external/G1034_20230801/antismash/7.0.0/NBC_00315/CP108025.region012.gbk,transAT-PKS.betalactone.NRPS-like.terpene.NRPS,Others,6898.0,6898.0,6898.0,12413.0,3889.0,unknown_family,u_Others_3889,
CP107903.region001,NBC_00459,1.1,CP107903,155814.0,253347.0,False,97533.0,BGC0001740,unique,Phthoxazolin,yes,NRP+Polyketide,0.1395348837209302,bgcflow,data/external/G1034_20230801/antismash/7.0.0/NBC_00459/CP107903.region001.gbk,transAT-PKS.T1PKS.NRPS,PKS-NRP_Hybrids,4754.0,4754.0,4754.0,10239.0,2110.0,unknown_family,u_PKS-NRP_Hybrids_2110,GCF7
CP107780.region028,NBC_00576,1.28,CP107780,9627637.0,9739763.0,False,112126.0,BGC0001740,unique,Phthoxazolin,yes,NRP+Polyketide,0.1162790697674418,bgcflow,data/external/G1034_20230801/antismash/7.0.0/NBC_00576/CP107780.region028.gbk,T1PKS.NRPS.transAT-PKS,PKS-NRP_Hybrids,3163.0,3163.0,3163.0,10239.0,4451.0,unknown_family,u_PKS-NRP_Hybrids_4451,
CP109009.region025,NBC_00690,1.25,CP109009,8245637.0,8550214.0,False,304577.0,BGC0001823,unique,Weishanmycin,yes,NRP+Polyketide,0.967741935483871,bgcflow,data/external/G1034_20230801/antismash/7.0.0/NBC_00690/CP109009.region025.gbk,transAT-PKS.T1PKS.NRP-metallophore.RiPP-like.NRPS,Others,19365.0,30880.0,30880.0,12413.0,3278.0,unknown_family,u_Others_3278,
BGC0002385,unknown,,,,,,,,,,yes,,,MIBIG,data/external/MIBIG/BGC0002385.gbk,,,,,,,,,,dumulmycin
BGC0002451.region001,unknown,,,,,,,,,,yes,,,MIBIG,data/external/MIBIG/BGC0002451.region001.gbk,,,,,,,,,,inthomycin_B
BGC0001070.region001,unknown,,,,,,,,,,yes,,,MIBIG,data/external/MIBIG/BGC0001070.region001.gbk,,,,,,,,,,kirromycin
BGC0000085,unknown,,,,,,,,,,yes,,,MIBIG,data/external/MIBIG/BGC0000085.gbk,,,,,,,,,,lankamycin
BGC0001853,unknown,,,,,,,,,,yes,,,MIBIG,data/external/MIBIG/BGC0001853.gbk,,,,,,,,,,largimiycin_38
BGC0001101,unknown,,,,,,,,,,yes,,,MIBIG,data/external/MIBIG/BGC0001101.gbk,,,,,,,,,,leinamycin
BGC0001106.region001,unknown,,,,,,,,,,yes,,,MIBIG,data/external/MIBIG/BGC0001106.region001.gbk,,,,,,,,,,oxalomycin_B
BGC0001740.region001,unknown,,,,,,,,,,yes,,,MIBIG,data/external/MIBIG/BGC0001740.region001.gbk,,,,,,,,,,phthoxazolin
BGC0001116.region001,unknown,,,,,,,,,,yes,,,MIBIG,data/external/MIBIG/BGC0001116.region001.gbk,,,,,,,,,,virginiamycin
BGC0001823.region001,unknown,,,,,,,,,,yes,,,MIBIG,data/external/MIBIG/BGC0001823.region001.gbk,,,,,,,,,,weishanmycin
BGC0000171,unknown,,,,,,,,,,yes,,,MIBIG,data/external/MIBIG/BGC0000171.gbk,,,,,,,,,,9-methylstreptimidone
BGC0000177,unknown,,,,,,,,,,yes,,,MIBIG,data/external/MIBIG/BGC0000177.gbk,,,,,,,,,,iso-migrastatin
BGC0001646,unknown,,,,,,,,,,yes,,,MIBIG,data/external/MIBIG/BGC0001646.gbk,,,,,,,,,,lagriamide
BGC0002455.region001,unknown,,,,,,,,,,yes,,,MIBIG,data/external/MIBIG/BGC0002455.region001.gbk,,,,,,,,,,lagriene
