genome_id,gtdb_release,Domain,Phylum,Class,Order,Family,Genus,Species,Organism,genome_id
NBC_01728,unknown,d__Bacteria,p__Actinomycetota,c__Actinomycetia,o__Streptomycetales,f__Streptomycetaceae,g__Streptomyces,s__,s__,NBC_01728
NBC_01719,unknown,d__Bacteria,p__Actinomycetota,c__Actinomycetia,o__Streptomycetales,f__Streptomycetaceae,g__Streptomyces,s__,s__,NBC_01719
NBC_00365,unknown,d__Bacteria,p__Actinomycetota,c__Actinomycetia,o__Streptomycetales,f__Streptomycetaceae,g__Streptomyces,s__,s__,NBC_00365
NBC_01450,unknown,d__Bacteria,p__Actinomycetota,c__Actinomycetia,o__Streptomycetales,f__Streptomycetaceae,g__Streptomyces,s__,s__,NBC_01450
NBC_01455,unknown,d__Bacteria,p__Actinomycetota,c__Actinomycetia,o__Streptomycetales,f__Streptomycetaceae,g__Streptomyces,sp012273515,s__Streptomyces sp012273515,NBC_01455
NBC_00859,unknown,d__Bacteria,p__Actinomycetota,c__Actinomycetia,o__Streptomycetales,f__Streptomycetaceae,g__Streptomyces,s__,s__,NBC_00859
NBC_01235,unknown,d__Bacteria,p__Actinomycetota,c__Actinomycetia,o__Streptomycetales,f__Streptomycetaceae,g__Streptomyces,s__,s__,NBC_01235
NBC_01340,unknown,d__Bacteria,p__Actinomycetota,c__Actinomycetia,o__Streptomycetales,f__Streptomycetaceae,g__Streptomyces,s__,s__,NBC_01340
NBC_01419,unknown,d__Bacteria,p__Actinomycetota,c__Actinomycetia,o__Streptomycetales,f__Streptomycetaceae,g__Streptomyces,anulatus,s__Streptomyces anulatus,NBC_01419
NBC_01523,unknown,d__Bacteria,p__Actinomycetota,c__Actinomycetia,o__Streptomycetales,f__Streptomycetaceae,g__Streptomyces,anulatus,s__Streptomyces anulatus,NBC_01523
NBC_00990,unknown,d__Bacteria,p__Actinomycetota,c__Actinomycetia,o__Streptomycetales,f__Streptomycetaceae,g__Streptomyces,anulatus,s__Streptomyces anulatus,NBC_00990
NBC_01069,unknown,d__Bacteria,p__Actinomycetota,c__Actinomycetia,o__Streptomycetales,f__Streptomycetaceae,g__Streptomyces,anulatus,s__Streptomyces anulatus,NBC_01069
NBC_01106,unknown,d__Bacteria,p__Actinomycetota,c__Actinomycetia,o__Streptomycetales,f__Streptomycetaceae,g__Streptomyces,anulatus,s__Streptomyces anulatus,NBC_01106
NBC_01134,unknown,d__Bacteria,p__Actinomycetota,c__Actinomycetia,o__Streptomycetales,f__Streptomycetaceae,g__Streptomyces,anulatus,s__Streptomyces anulatus,NBC_01134
NBC_01767,unknown,d__Bacteria,p__Actinomycetota,c__Actinomycetia,o__Streptomycetales,f__Streptomycetaceae,g__Streptomyces,sp003846175,s__Streptomyces sp003846175,NBC_01767
NBC_01645,unknown,d__Bacteria,p__Actinomycetota,c__Actinomycetia,o__Streptomycetales,f__Streptomycetaceae,g__Streptomyces,anulatus,s__Streptomyces anulatus,NBC_01645
NBC_01634,unknown,d__Bacteria,p__Actinomycetota,c__Actinomycetia,o__Streptomycetales,f__Streptomycetaceae,g__Streptomyces,anulatus,s__Streptomyces anulatus,NBC_01634
NBC_01623,unknown,d__Bacteria,p__Actinomycetota,c__Actinomycetia,o__Streptomycetales,f__Streptomycetaceae,g__Streptomyces,anulatus,s__Streptomyces anulatus,NBC_01623
NBC_01500,unknown,d__Bacteria,p__Actinomycetota,c__Actinomycetia,o__Streptomycetales,f__Streptomycetaceae,g__Streptomyces,sp940670765,s__Streptomyces sp940670765,NBC_01500
NBC_01464,unknown,d__Bacteria,p__Actinomycetota,c__Actinomycetia,o__Streptomycetales,f__Streptomycetaceae,g__Streptomyces,anulatus,s__Streptomyces anulatus,NBC_01464
NBC_01433,unknown,d__Bacteria,p__Actinomycetota,c__Actinomycetia,o__Streptomycetales,f__Streptomycetaceae,g__Streptomyces,sp001905125,s__Streptomyces sp001905125,NBC_01433
NBC_01363,unknown,d__Bacteria,p__Actinomycetota,c__Actinomycetia,o__Streptomycetales,f__Streptomycetaceae,g__Streptomyces,s__,s__,NBC_01363
NBC_00906,unknown,d__Bacteria,p__Actinomycetota,c__Actinomycetia,o__Streptomycetales,f__Streptomycetaceae,g__Streptomyces,sp003846175,s__Streptomyces sp003846175,NBC_00906
NBC_00893,unknown,d__Bacteria,p__Actinomycetota,c__Actinomycetia,o__Streptomycetales,f__Streptomycetaceae,g__Streptomyces,sp003846175,s__Streptomyces sp003846175,NBC_00893
NBC_00892,unknown,d__Bacteria,p__Actinomycetota,c__Actinomycetia,o__Streptomycetales,f__Streptomycetaceae,g__Streptomyces,sp003846175,s__Streptomyces sp003846175,NBC_00892
NBC_00654,unknown,d__Bacteria,p__Actinomycetota,c__Actinomycetia,o__Streptomycetales,f__Streptomycetaceae,g__Streptomyces,s__,s__,NBC_00654
NBC_00439,unknown,d__Bacteria,p__Actinomycetota,c__Actinomycetia,o__Streptomycetales,f__Streptomycetaceae,g__Streptomyces,sp003846175,s__Streptomyces sp003846175,NBC_00439
NBC_00305,unknown,d__Bacteria,p__Actinomycetota,c__Actinomycetia,o__Streptomycetales,f__Streptomycetaceae,g__Streptomyces,sp003846175,s__Streptomyces sp003846175,NBC_00305
NBC_00264,unknown,d__Bacteria,p__Actinomycetota,c__Actinomycetia,o__Streptomycetales,f__Streptomycetaceae,g__Streptomyces,sp003846175,s__Streptomyces sp003846175,NBC_00264
NBC_00062,unknown,d__Bacteria,p__Actinomycetota,c__Actinomycetia,o__Streptomycetales,f__Streptomycetaceae,g__Streptomyces,sp003846175,s__Streptomyces sp003846175,NBC_00062
NBC_00052,unknown,d__Bacteria,p__Actinomycetota,c__Actinomycetia,o__Streptomycetales,f__Streptomycetaceae,g__Streptomyces,sp003846175,s__Streptomyces sp003846175,NBC_00052
NBC_00051,unknown,d__Bacteria,p__Actinomycetota,c__Actinomycetia,o__Streptomycetales,f__Streptomycetaceae,g__Streptomyces,sp003846175,s__Streptomyces sp003846175,NBC_00051
NBC_01362,unknown,d__Bacteria,p__Actinomycetota,c__Actinomycetia,o__Streptomycetales,f__Streptomycetaceae,g__Streptomyces,sp003846175,s__Streptomyces sp003846175,NBC_01362
NBC_01369,unknown,d__Bacteria,p__Actinomycetota,c__Actinomycetia,o__Streptomycetales,f__Streptomycetaceae,g__Streptomyces,sp003846175,s__Streptomyces sp003846175,NBC_01369
NBC_01387,unknown,d__Bacteria,p__Actinomycetota,c__Actinomycetia,o__Streptomycetales,f__Streptomycetaceae,g__Streptomyces,sp940670765,s__Streptomyces sp940670765,NBC_01387
NBC_01414,unknown,d__Bacteria,p__Actinomycetota,c__Actinomycetia,o__Streptomycetales,f__Streptomycetaceae,g__Streptomyces,anulatus,s__Streptomyces anulatus,NBC_01414
NBC_01417,unknown,d__Bacteria,p__Actinomycetota,c__Actinomycetia,o__Streptomycetales,f__Streptomycetaceae,g__Streptomyces,anulatus,s__Streptomyces anulatus,NBC_01417
NBC_01418,unknown,d__Bacteria,p__Actinomycetota,c__Actinomycetia,o__Streptomycetales,f__Streptomycetaceae,g__Streptomyces,anulatus,s__Streptomyces anulatus,NBC_01418
NBC_01421,unknown,d__Bacteria,p__Actinomycetota,c__Actinomycetia,o__Streptomycetales,f__Streptomycetaceae,g__Streptomyces,anulatus,s__Streptomyces anulatus,NBC_01421
NBC_01435,unknown,d__Bacteria,p__Actinomycetota,c__Actinomycetia,o__Streptomycetales,f__Streptomycetaceae,g__Streptomyces,sp900091725,s__Streptomyces sp900091725,NBC_01435
NBC_01516,unknown,d__Bacteria,p__Actinomycetota,c__Actinomycetia,o__Streptomycetales,f__Streptomycetaceae,g__Streptomyces,anulatus,s__Streptomyces anulatus,NBC_01516
NBC_01522,unknown,d__Bacteria,p__Actinomycetota,c__Actinomycetia,o__Streptomycetales,f__Streptomycetaceae,g__Streptomyces,anulatus,s__Streptomyces anulatus,NBC_01522
NBC_01543,unknown,d__Bacteria,p__Actinomycetota,c__Actinomycetia,o__Streptomycetales,f__Streptomycetaceae,g__Streptomyces,anulatus,s__Streptomyces anulatus,NBC_01543
NBC_01553,unknown,d__Bacteria,p__Actinomycetota,c__Actinomycetia,o__Streptomycetales,f__Streptomycetaceae,g__Streptomyces,sp003846175,s__Streptomyces sp003846175,NBC_01553
NBC_01556,unknown,d__Bacteria,p__Actinomycetota,c__Actinomycetia,o__Streptomycetales,f__Streptomycetaceae,g__Streptomyces,anulatus,s__Streptomyces anulatus,NBC_01556
NBC_01563,unknown,d__Bacteria,p__Actinomycetota,c__Actinomycetia,o__Streptomycetales,f__Streptomycetaceae,g__Streptomyces,sp003846175,s__Streptomyces sp003846175,NBC_01563
NBC_01576,unknown,d__Bacteria,p__Actinomycetota,c__Actinomycetia,o__Streptomycetales,f__Streptomycetaceae,g__Streptomyces,anulatus,s__Streptomyces anulatus,NBC_01576
NBC_01582,unknown,d__Bacteria,p__Actinomycetota,c__Actinomycetia,o__Streptomycetales,f__Streptomycetaceae,g__Streptomyces,anulatus,s__Streptomyces anulatus,NBC_01582
NBC_01592,unknown,d__Bacteria,p__Actinomycetota,c__Actinomycetia,o__Streptomycetales,f__Streptomycetaceae,g__Streptomyces,sp003846175,s__Streptomyces sp003846175,NBC_01592
NBC_01598,unknown,d__Bacteria,p__Actinomycetota,c__Actinomycetia,o__Streptomycetales,f__Streptomycetaceae,g__Streptomyces,anulatus,s__Streptomyces anulatus,NBC_01598
NBC_01625,unknown,d__Bacteria,p__Actinomycetota,c__Actinomycetia,o__Streptomycetales,f__Streptomycetaceae,g__Streptomyces,anulatus,s__Streptomyces anulatus,NBC_01625
NBC_01626,unknown,d__Bacteria,p__Actinomycetota,c__Actinomycetia,o__Streptomycetales,f__Streptomycetaceae,g__Streptomyces,anulatus,s__Streptomyces anulatus,NBC_01626
NBC_01641,unknown,d__Bacteria,p__Actinomycetota,c__Actinomycetia,o__Streptomycetales,f__Streptomycetaceae,g__Streptomyces,anulatus,s__Streptomyces anulatus,NBC_01641
NBC_01648,unknown,d__Bacteria,p__Actinomycetota,c__Actinomycetia,o__Streptomycetales,f__Streptomycetaceae,g__Streptomyces,anulatus,s__Streptomyces anulatus,NBC_01648
NBC_01650,unknown,d__Bacteria,p__Actinomycetota,c__Actinomycetia,o__Streptomycetales,f__Streptomycetaceae,g__Streptomyces,sp003846175,s__Streptomyces sp003846175,NBC_01650
NBC_01651,unknown,d__Bacteria,p__Actinomycetota,c__Actinomycetia,o__Streptomycetales,f__Streptomycetaceae,g__Streptomyces,anulatus,s__Streptomyces anulatus,NBC_01651
NBC_01654,unknown,d__Bacteria,p__Actinomycetota,c__Actinomycetia,o__Streptomycetales,f__Streptomycetaceae,g__Streptomyces,anulatus,s__Streptomyces anulatus,NBC_01654
NBC_01732,unknown,d__Bacteria,p__Actinomycetota,c__Actinomycetia,o__Streptomycetales,f__Streptomycetaceae,g__Streptomyces,sp003846175,s__Streptomyces sp003846175,NBC_01732
NBC_01759,unknown,d__Bacteria,p__Actinomycetota,c__Actinomycetia,o__Streptomycetales,f__Streptomycetaceae,g__Streptomyces,anulatus,s__Streptomyces anulatus,NBC_01759
NBC_01766,unknown,d__Bacteria,p__Actinomycetota,c__Actinomycetia,o__Streptomycetales,f__Streptomycetaceae,g__Streptomyces,sp940670765,s__Streptomyces sp940670765,NBC_01766
NBC_01768,unknown,d__Bacteria,p__Actinomycetota,c__Actinomycetia,o__Streptomycetales,f__Streptomycetaceae,g__Streptomyces,sp003846175,s__Streptomyces sp003846175,NBC_01768
NBC_00822,unknown,d__Bacteria,p__Actinomycetota,c__Actinomycetia,o__Streptomycetales,f__Streptomycetaceae,g__Streptomyces,sp003846175,s__Streptomyces sp003846175,NBC_00822
NBC_00825,unknown,d__Bacteria,p__Actinomycetota,c__Actinomycetia,o__Streptomycetales,f__Streptomycetaceae,g__Streptomyces,sp003846175,s__Streptomyces sp003846175,NBC_00825
NBC_00826,unknown,d__Bacteria,p__Actinomycetota,c__Actinomycetia,o__Streptomycetales,f__Streptomycetaceae,g__Streptomyces,sp003846175,s__Streptomyces sp003846175,NBC_00826
NBC_00984,unknown,d__Bacteria,p__Actinomycetota,c__Actinomycetia,o__Streptomycetales,f__Streptomycetaceae,g__Streptomyces,s__,s__,NBC_00984
NBC_00987,unknown,d__Bacteria,p__Actinomycetota,c__Actinomycetia,o__Streptomycetales,f__Streptomycetaceae,g__Streptomyces,sp003846175,s__Streptomyces sp003846175,NBC_00987
NBC_01005,unknown,d__Bacteria,p__Actinomycetota,c__Actinomycetia,o__Streptomycetales,f__Streptomycetaceae,g__Streptomyces,sp003846175,s__Streptomyces sp003846175,NBC_01005
NBC_01010,unknown,d__Bacteria,p__Actinomycetota,c__Actinomycetia,o__Streptomycetales,f__Streptomycetaceae,g__Streptomyces,anulatus,s__Streptomyces anulatus,NBC_01010
NBC_01014,unknown,d__Bacteria,p__Actinomycetota,c__Actinomycetia,o__Streptomycetales,f__Streptomycetaceae,g__Streptomyces,sp940670765,s__Streptomyces sp940670765,NBC_01014
NBC_01080,unknown,d__Bacteria,p__Actinomycetota,c__Actinomycetia,o__Streptomycetales,f__Streptomycetaceae,g__Streptomyces,anulatus,s__Streptomyces anulatus,NBC_01080
NBC_01116,unknown,d__Bacteria,p__Actinomycetota,c__Actinomycetia,o__Streptomycetales,f__Streptomycetaceae,g__Streptomyces,s__,s__,NBC_01116
NBC_01196,unknown,d__Bacteria,p__Actinomycetota,c__Actinomycetia,o__Streptomycetales,f__Streptomycetaceae,g__Streptomyces,anulatus,s__Streptomyces anulatus,NBC_01196
NBC_01237,unknown,d__Bacteria,p__Actinomycetota,c__Actinomycetia,o__Streptomycetales,f__Streptomycetaceae,g__Streptomyces,sp001905125,s__Streptomyces sp001905125,NBC_01237
NBC_01243,unknown,d__Bacteria,p__Actinomycetota,c__Actinomycetia,o__Streptomycetales,f__Streptomycetaceae,g__Streptomyces,sp003846175,s__Streptomyces sp003846175,NBC_01243
NBC_01267,unknown,d__Bacteria,p__Actinomycetota,c__Actinomycetia,o__Streptomycetales,f__Streptomycetaceae,g__Streptomyces,sp940670765,s__Streptomyces sp940670765,NBC_01267
NBC_01300,unknown,d__Bacteria,p__Actinomycetota,c__Actinomycetia,o__Streptomycetales,f__Streptomycetaceae,g__Kitasatospora,sp001625365,s__Kitasatospora sp001625365,NBC_01300
NBC_01333,unknown,d__Bacteria,p__Actinomycetota,c__Actinomycetia,o__Streptomycetales,f__Streptomycetaceae,g__Streptomyces,anulatus,s__Streptomyces anulatus,NBC_01333
NBC_00053,unknown,d__Bacteria,p__Actinomycetota,c__Actinomycetia,o__Streptomycetales,f__Streptomycetaceae,g__Streptomyces,sp003846175,s__Streptomyces sp003846175,NBC_00053
NBC_00257,unknown,d__Bacteria,p__Actinomycetota,c__Actinomycetia,o__Streptomycetales,f__Streptomycetaceae,g__Streptomyces,sp003846175,s__Streptomyces sp003846175,NBC_00257
NBC_00501,unknown,d__Bacteria,p__Actinomycetota,c__Actinomycetia,o__Streptomycetales,f__Streptomycetaceae,g__Streptomyces,anulatus,s__Streptomyces anulatus,NBC_00501
NBC_00502,unknown,d__Bacteria,p__Actinomycetota,c__Actinomycetia,o__Streptomycetales,f__Streptomycetaceae,g__Streptomyces,anulatus,s__Streptomyces anulatus,NBC_00502
NBC_00535,unknown,d__Bacteria,p__Actinomycetota,c__Actinomycetia,o__Streptomycetales,f__Streptomycetaceae,g__Streptomyces,anulatus,s__Streptomyces anulatus,NBC_00535
NBC_00240,unknown,d__Bacteria,p__Actinomycetota,c__Actinomycetia,o__Streptomycetales,f__Streptomycetaceae,g__Kitasatospora,s__,s__,NBC_00240
NBC_01166,unknown,d__Bacteria,p__Actinomycetota,c__Actinomycetia,o__Streptomycetales,f__Streptomycetaceae,g__Streptomyces,s__,s__,NBC_01166
NBC_00039,unknown,d__Bacteria,p__Actinomycetota,c__Actinomycetia,o__Streptomycetales,f__Streptomycetaceae,g__Kitasatospora,s__,s__,NBC_00039
NBC_00085,unknown,d__Bacteria,p__Actinomycetota,c__Actinomycetia,o__Streptomycetales,f__Streptomycetaceae,g__Kitasatospora,s__,s__,NBC_00085
NBC_00465,unknown,d__Bacteria,p__Actinomycetota,c__Actinomycetia,o__Streptomycetales,f__Streptomycetaceae,g__Streptomyces,coelicoflavus,s__Streptomyces coelicoflavus,NBC_00465
NBC_00299,unknown,d__Bacteria,p__Actinomycetota,c__Actinomycetia,o__Streptomycetales,f__Streptomycetaceae,g__Streptomyces,s__,s__,NBC_00299
NBC_00302,unknown,d__Bacteria,p__Actinomycetota,c__Actinomycetia,o__Streptomycetales,f__Streptomycetaceae,g__Streptomyces,bobili,s__Streptomyces bobili,NBC_00302
NBC_01286,unknown,d__Bacteria,p__Actinomycetota,c__Actinomycetia,o__Mycobacteriales,f__Pseudonocardiaceae,g__Amycolatopsis,sp023023025,s__Amycolatopsis sp023023025,NBC_01286
NBC_01307,unknown,d__Bacteria,p__Actinomycetota,c__Actinomycetia,o__Mycobacteriales,f__Pseudonocardiaceae,g__Amycolatopsis,sp023023025,s__Amycolatopsis sp023023025,NBC_01307
NBC_00348,unknown,d__Bacteria,p__Actinomycetota,c__Actinomycetia,o__Mycobacteriales,f__Pseudonocardiaceae,g__Amycolatopsis,sp023023025,s__Amycolatopsis sp023023025,NBC_00348
NBC_00355,unknown,d__Bacteria,p__Actinomycetota,c__Actinomycetia,o__Mycobacteriales,f__Pseudonocardiaceae,g__Amycolatopsis,s__,s__,NBC_00355
NBC_00438,unknown,d__Bacteria,p__Actinomycetota,c__Actinomycetia,o__Mycobacteriales,f__Pseudonocardiaceae,g__Amycolatopsis,s__,s__,NBC_00438
NBC_00516,unknown,d__Bacteria,p__Actinomycetota,c__Actinomycetia,o__Mycobacteriales,f__Pseudonocardiaceae,g__Lentzea,s__,s__,NBC_00516
NBC_01571,unknown,d__Bacteria,p__Actinomycetota,c__Actinomycetia,o__Streptomycetales,f__Streptomycetaceae,g__Streptomyces,s__,s__,NBC_01571
NBC_01454,unknown,d__Bacteria,p__Actinomycetota,c__Actinomycetia,o__Streptomycetales,f__Streptomycetaceae,g__Streptomyces,s__,s__,NBC_01454
NBC_01456,unknown,d__Bacteria,p__Actinomycetota,c__Actinomycetia,o__Streptomycetales,f__Streptomycetaceae,g__Streptomyces,s__,s__,NBC_01456
NBC_01699,unknown,d__Bacteria,p__Actinomycetota,c__Actinomycetia,o__Mycobacteriales,f__Micromonosporaceae,g__Micromonospora_G,s__,s__,NBC_01699
NBC_01233,unknown,d__Bacteria,p__Actinomycetota,c__Actinomycetia,o__Streptomycetales,f__Streptomycetaceae,g__Streptomyces,s__,s__,NBC_01233
NBC_01224,unknown,d__Bacteria,p__Actinomycetota,c__Actinomycetia,o__Streptomycetales,f__Streptomycetaceae,g__Streptomyces,s__,s__,NBC_01224
NBC_01485,unknown,d__Bacteria,p__Actinomycetota,c__Actinomycetia,o__Streptomycetales,f__Streptomycetaceae,g__Streptomyces,s__,s__,NBC_01485
NBC_01788,unknown,d__Bacteria,p__Actinomycetota,c__Actinomycetia,o__Streptomycetales,f__Streptomycetaceae,g__Streptomyces,sp002803075,s__Streptomyces sp002803075,NBC_01788
NBC_00209,unknown,d__Bacteria,p__Actinomycetota,c__Actinomycetia,o__Streptomycetales,f__Streptomycetaceae,g__Streptomyces,sp001905735,s__Streptomyces sp001905735,NBC_00209
NBC_00441,unknown,d__Bacteria,p__Actinomycetota,c__Actinomycetia,o__Streptomycetales,f__Streptomycetaceae,g__Streptomyces,sp001905735,s__Streptomyces sp001905735,NBC_00441
NBC_01361,unknown,d__Bacteria,p__Actinomycetota,c__Actinomycetia,o__Streptomycetales,f__Streptomycetaceae,g__Streptomyces,sp002803065,s__Streptomyces sp002803065,NBC_01361
NBC_01445,unknown,d__Bacteria,p__Actinomycetota,c__Actinomycetia,o__Streptomycetales,f__Streptomycetaceae,g__Streptomyces,sp002803065,s__Streptomyces sp002803065,NBC_01445
NBC_00734,unknown,d__Bacteria,p__Actinomycetota,c__Actinomycetia,o__Streptomycetales,f__Streptomycetaceae,g__Streptomyces,platensis,s__Streptomyces platensis,NBC_00734
NBC_01337,unknown,d__Bacteria,p__Actinomycetota,c__Actinomycetia,o__Streptomycetales,f__Streptomycetaceae,g__Streptomyces,platensis,s__Streptomyces platensis,NBC_01337
NBC_00375,unknown,d__Bacteria,p__Actinomycetota,c__Actinomycetia,o__Streptomycetales,f__Streptomycetaceae,g__Streptomyces,platensis,s__Streptomyces platensis,NBC_00375
NBC_00573,unknown,d__Bacteria,p__Actinomycetota,c__Actinomycetia,o__Streptomycetales,f__Streptomycetaceae,g__Streptomyces,platensis,s__Streptomyces platensis,NBC_00573
NBC_01250,unknown,d__Bacteria,p__Actinomycetota,c__Actinomycetia,o__Streptomycetales,f__Streptomycetaceae,g__Kitasatospora,s__,s__,NBC_01250
NBC_01302,unknown,d__Bacteria,p__Actinomycetota,c__Actinomycetia,o__Streptomycetales,f__Streptomycetaceae,g__Kitasatospora,s__,s__,NBC_01302
NBC_01548,unknown,d__Bacteria,p__Actinomycetota,c__Actinomycetia,o__Streptomycetales,f__Streptomycetaceae,g__Streptomyces,albogriseolus,s__Streptomyces albogriseolus,NBC_01548
NBC_01458,unknown,d__Bacteria,p__Actinomycetota,c__Actinomycetia,o__Streptomycetales,f__Streptomycetaceae,g__Streptomyces,albogriseolus,s__Streptomyces albogriseolus,NBC_01458
NBC_01294,unknown,d__Bacteria,p__Actinomycetota,c__Actinomycetia,o__Streptomycetales,f__Streptomycetaceae,g__Streptomyces,s__,s__,NBC_01294
NBC_00488,unknown,d__Bacteria,p__Actinomycetota,c__Actinomycetia,o__Streptomycetales,f__Streptomycetaceae,g__Streptomyces,virginiae_A,s__Streptomyces virginiae_A,NBC_00488
NBC_01565,unknown,d__Bacteria,p__Actinomycetota,c__Actinomycetia,o__Streptomycetales,f__Streptomycetaceae,g__Streptomyces,s__,s__,NBC_01565
NBC_00909,unknown,d__Bacteria,p__Actinomycetota,c__Actinomycetia,o__Streptomycetales,f__Streptomycetaceae,g__Streptomyces,goshikiensis,s__Streptomyces goshikiensis,NBC_00909
NBC_01191,unknown,d__Bacteria,p__Actinomycetota,c__Actinomycetia,o__Streptomycetales,f__Streptomycetaceae,g__Streptomyces,goshikiensis,s__Streptomyces goshikiensis,NBC_01191
NBC_00283,unknown,d__Bacteria,p__Actinomycetota,c__Actinomycetia,o__Streptomycetales,f__Streptomycetaceae,g__Streptomyces,goshikiensis,s__Streptomyces goshikiensis,NBC_00283
NBC_01669,unknown,d__Bacteria,p__Actinomycetota,c__Actinomycetia,o__Streptomycetales,f__Streptomycetaceae,g__Streptomyces,s__,s__,NBC_01669
NBC_00841,unknown,d__Bacteria,p__Actinomycetota,c__Actinomycetia,o__Streptomycetales,f__Streptomycetaceae,g__Streptomyces,s__,s__,NBC_00841
NBC_01320,unknown,d__Bacteria,p__Actinomycetota,c__Actinomycetia,o__Streptomycetales,f__Streptomycetaceae,g__Streptomyces,s__,s__,NBC_01320
NBC_00196,unknown,d__Bacteria,p__Actinomycetota,c__Actinomycetia,o__Streptosporangiales,f__Streptosporangiaceae,g__Microbispora,hainanensis,s__Microbispora hainanensis,NBC_00196
NBC_00253,unknown,d__Bacteria,p__Actinomycetota,c__Actinomycetia,o__Streptosporangiales,f__Streptosporangiaceae,g__Microbispora,hainanensis,s__Microbispora hainanensis,NBC_00253
NBC_00254,unknown,d__Bacteria,p__Actinomycetota,c__Actinomycetia,o__Streptosporangiales,f__Streptosporangiaceae,g__Microbispora,hainanensis,s__Microbispora hainanensis,NBC_00254
NBC_00150,unknown,d__Bacteria,p__Actinomycetota,c__Actinomycetia,o__Streptomycetales,f__Streptomycetaceae,g__Streptomyces,s__,s__,NBC_00150
NBC_00648,unknown,d__Bacteria,p__Actinomycetota,c__Actinomycetia,o__Streptomycetales,f__Streptomycetaceae,g__Streptomyces,s__,s__,NBC_00648
NBC_00668,unknown,d__Bacteria,p__Actinomycetota,c__Actinomycetia,o__Streptomycetales,f__Streptomycetaceae,g__Streptomyces,melanogenes,s__Streptomyces melanogenes,NBC_00668
NBC_00027,unknown,d__Bacteria,p__Actinomycetota,c__Actinomycetia,o__Streptomycetales,f__Streptomycetaceae,g__Streptomyces,melanogenes,s__Streptomyces melanogenes,NBC_00027
NBC_00060,unknown,d__Bacteria,p__Actinomycetota,c__Actinomycetia,o__Streptomycetales,f__Streptomycetaceae,g__Streptomyces,s__,s__,NBC_00060
NBC_00224,unknown,d__Bacteria,p__Actinomycetota,c__Actinomycetia,o__Streptomycetales,f__Streptomycetaceae,g__Streptomyces,s__,s__,NBC_00224
NBC_01287,unknown,d__Bacteria,p__Actinomycetota,c__Actinomycetia,o__Streptomycetales,f__Streptomycetaceae,g__Kitasatospora,s__,s__,NBC_01287
NBC_01447,unknown,d__Bacteria,p__Actinomycetota,c__Actinomycetia,o__Streptomycetales,f__Streptomycetaceae,g__Streptomyces,niveus,s__Streptomyces niveus,NBC_01447
NBC_00843,unknown,d__Bacteria,p__Actinomycetota,c__Actinomycetia,o__Streptomycetales,f__Streptomycetaceae,g__Streptomyces,niveus,s__Streptomyces niveus,NBC_00843
NBC_01560,unknown,d__Bacteria,p__Actinomycetota,c__Actinomycetia,o__Streptomycetales,f__Streptomycetaceae,g__Kitasatospora,s__,s__,NBC_01560
NBC_01796,unknown,d__Bacteria,p__Actinomycetota,c__Actinomycetia,o__Mycobacteriales,f__Micromonosporaceae,g__Micromonospora_G,s__,s__,NBC_01796
NBC_01811,unknown,d__Bacteria,p__Actinomycetota,c__Actinomycetia,o__Streptosporangiales,f__Streptosporangiaceae,g__Streptosporangium,subroseum,s__Streptosporangium subroseum,NBC_01811
NBC_01103,unknown,d__Bacteria,p__Actinomycetota,c__Actinomycetia,o__Streptomycetales,f__Streptomycetaceae,g__Streptomyces,diastaticus,s__Streptomyces diastaticus,NBC_01103
NBC_00468,unknown,d__Bacteria,p__Actinomycetota,c__Actinomycetia,o__Mycobacteriales,f__Micromonosporaceae,g__Micromonospora,aurantiaca,s__Micromonospora aurantiaca,NBC_00468
NBC_01432,unknown,d__Bacteria,p__Actinomycetota,c__Actinomycetia,o__Streptomycetales,f__Streptomycetaceae,g__Streptomyces,niveus,s__Streptomyces niveus,NBC_01432
NBC_01507,unknown,d__Bacteria,p__Actinomycetota,c__Actinomycetia,o__Streptomycetales,f__Streptomycetaceae,g__Streptomyces,niveus,s__Streptomyces niveus,NBC_01507
NBC_01536,unknown,d__Bacteria,p__Actinomycetota,c__Actinomycetia,o__Streptomycetales,f__Streptomycetaceae,g__Streptomyces,niveus,s__Streptomyces niveus,NBC_01536
NBC_01542,unknown,d__Bacteria,p__Actinomycetota,c__Actinomycetia,o__Streptomycetales,f__Streptomycetaceae,g__Streptomyces,niveus,s__Streptomyces niveus,NBC_01542
NBC_01499,unknown,d__Bacteria,p__Actinomycetota,c__Actinomycetia,o__Mycobacteriales,f__Mycobacteriaceae,g__Nocardia,s__,s__,NBC_01499
NBC_00280,unknown,d__Bacteria,p__Actinomycetota,c__Actinomycetia,o__Streptomycetales,f__Streptomycetaceae,g__Streptomyces,s__,s__,NBC_00280
NBC_00315,unknown,d__Bacteria,p__Actinomycetota,c__Actinomycetia,o__Streptomycetales,f__Streptomycetaceae,g__Kitasatospora,s__,s__,NBC_00315
NBC_00459,unknown,d__Bacteria,p__Actinomycetota,c__Actinomycetia,o__Streptomycetales,f__Streptomycetaceae,g__Streptomyces,s__,s__,NBC_00459
NBC_00576,unknown,d__Bacteria,p__Actinomycetota,c__Actinomycetia,o__Streptomycetales,f__Streptomycetaceae,g__Streptomyces,s__,s__,NBC_00576
NBC_00690,unknown,d__Bacteria,p__Actinomycetota,c__Actinomycetia,o__Streptomycetales,f__Streptomycetaceae,g__Streptomyces,s__,s__,NBC_00690
unknown,,d__,p__,c__,o__,f__,g__,s__,s__,unknown
